From,Date,Subject,Receivers
Sven.Flecha@gastech.com.kronos,1/6/2014 8:39,GT-SeismicProcessorPro Bug Report,Isak.Baza@gastech.com.kronos
Sven.Flecha@gastech.com.kronos,1/6/2014 8:39,GT-SeismicProcessorPro Bug Report, Lucas.Alcazar@gastech.com.kronos
Kanon.Herrero@gastech.com.kronos,1/6/2014 8:58,Inspection request for site,Felix.Resumir@gastech.com.kronos
Kanon.Herrero@gastech.com.kronos,1/6/2014 8:58,Inspection request for site, Hideki.Cocinaro@gastech.com.kronos
Kanon.Herrero@gastech.com.kronos,1/6/2014 8:58,Inspection request for site, Inga.Ferro@gastech.com.kronos
Kanon.Herrero@gastech.com.kronos,1/6/2014 8:58,Inspection request for site, Varja.Lagos@gastech.com.kronos
Kanon.Herrero@gastech.com.kronos,1/6/2014 8:58,Inspection request for site, Kanon.Herrero@gastech.com.kronos
Kanon.Herrero@gastech.com.kronos,1/6/2014 8:58,Inspection request for site, Stenig.Fusil@gastech.com.kronos
Kanon.Herrero@gastech.com.kronos,1/6/2014 8:58,Inspection request for site, Hennie.Osvaldo@gastech.com.kronos
Kanon.Herrero@gastech.com.kronos,1/6/2014 8:58,Inspection request for site, Isia.Vann@gastech.com.kronos
Kanon.Herrero@gastech.com.kronos,1/6/2014 8:58,Inspection request for site, Edvard.Vann@gastech.com.kronos
Kanon.Herrero@gastech.com.kronos,1/6/2014 8:58,Inspection request for site, Loreto.Bodrogi@gastech.com.kronos
Bertrand.Ovan@gastech.com.kronos,1/6/2014 9:28,New refueling policies - Effective February 1,Emile.Arpa@gastech.com.kronos
Bertrand.Ovan@gastech.com.kronos,1/6/2014 9:28,New refueling policies - Effective February 1, Varro.Awelon@gastech.com.kronos
Bertrand.Ovan@gastech.com.kronos,1/6/2014 9:28,New refueling policies - Effective February 1, Dante.Coginian@gastech.com.kronos
Bertrand.Ovan@gastech.com.kronos,1/6/2014 9:28,New refueling policies - Effective February 1, Albina.Hafon@gastech.com.kronos
Bertrand.Ovan@gastech.com.kronos,1/6/2014 9:28,New refueling policies - Effective February 1, Benito.Hawelon@gastech.com.kronos
Bertrand.Ovan@gastech.com.kronos,1/6/2014 9:28,New refueling policies - Effective February 1, Claudio.Hawelon@gastech.com.kronos
Bertrand.Ovan@gastech.com.kronos,1/6/2014 9:28,New refueling policies - Effective February 1, Henk.Mies@gastech.com.kronos
Bertrand.Ovan@gastech.com.kronos,1/6/2014 9:28,New refueling policies - Effective February 1, Valeria.Morlun@gastech.com.kronos
Bertrand.Ovan@gastech.com.kronos,1/6/2014 9:28,New refueling policies - Effective February 1, Adan.Morlun@gastech.com.kronos
Bertrand.Ovan@gastech.com.kronos,1/6/2014 9:28,New refueling policies - Effective February 1, Cecilia.Morluniau@gastech.com.kronos
Bertrand.Ovan@gastech.com.kronos,1/6/2014 9:28,New refueling policies - Effective February 1, Irene.Nant@gastech.com.kronos
Bertrand.Ovan@gastech.com.kronos,1/6/2014 9:28,New refueling policies - Effective February 1, Dylan.Scozzese@gastech.com.kronos
Valeria.Morlun@gastech.com.kronos,1/6/2014 9:38,Route suggestion for next shift,Dante.Coginian@gastech.com.kronos
Valeria.Morlun@gastech.com.kronos,1/6/2014 9:38,Route suggestion for next shift, Albina.Hafon@gastech.com.kronos
Valeria.Morlun@gastech.com.kronos,1/6/2014 9:38,Route suggestion for next shift, Benito.Hawelon@gastech.com.kronos
Valeria.Morlun@gastech.com.kronos,1/6/2014 9:38,Route suggestion for next shift, Henk.Mies@gastech.com.kronos
Mat.Bramar@gastech.com.kronos,1/6/2014 9:49,Upcoming birthdays,Rachel.Pantanal@gastech.com.kronos
Mat.Bramar@gastech.com.kronos,1/6/2014 9:49,Upcoming birthdays, Lars.Azada@gastech.com.kronos
Mat.Bramar@gastech.com.kronos,1/6/2014 9:49,Upcoming birthdays, Felix.Balas@gastech.com.kronos
Mat.Bramar@gastech.com.kronos,1/6/2014 9:49,Upcoming birthdays, Isande.Borrasca@gastech.com.kronos
Mat.Bramar@gastech.com.kronos,1/6/2014 9:49,Upcoming birthdays, Axel.Calzas@gastech.com.kronos
Mat.Bramar@gastech.com.kronos,1/6/2014 9:49,Upcoming birthdays, Gustav.Cazar@gastech.com.kronos
Mat.Bramar@gastech.com.kronos,1/6/2014 9:49,Upcoming birthdays, Lidelse.Dedos@gastech.com.kronos
Mat.Bramar@gastech.com.kronos,1/6/2014 9:49,Upcoming birthdays, Birgitta.Frente@gastech.com.kronos
Mat.Bramar@gastech.com.kronos,1/6/2014 9:49,Upcoming birthdays, Vira.Frente@gastech.com.kronos
Mat.Bramar@gastech.com.kronos,1/6/2014 9:49,Upcoming birthdays, Adra.Nubarron@gastech.com.kronos
Mat.Bramar@gastech.com.kronos,1/6/2014 9:49,Upcoming birthdays, Marin.Onda@gastech.com.kronos
Mat.Bramar@gastech.com.kronos,1/6/2014 9:49,Upcoming birthdays, Kare.Orilla@gastech.com.kronos
Mat.Bramar@gastech.com.kronos,1/6/2014 9:49,Upcoming birthdays, Elsa.Orilla@gastech.com.kronos
Mat.Bramar@gastech.com.kronos,1/6/2014 9:49,Upcoming birthdays, Brand.Tempestad@gastech.com.kronos
Mat.Bramar@gastech.com.kronos,1/6/2014 9:49,Upcoming birthdays, Ingrid.Barranco@gastech.com.kronos
Mat.Bramar@gastech.com.kronos,1/6/2014 9:49,Upcoming birthdays, Ada.Campo-Corrente@gastech.com.kronos
Mat.Bramar@gastech.com.kronos,1/6/2014 9:49,Upcoming birthdays, Sten.Sanjorge Jr.@gastech.com.kronos
Mat.Bramar@gastech.com.kronos,1/6/2014 9:49,Upcoming birthdays, Orhan.Strum@gastech.com.kronos
Mat.Bramar@gastech.com.kronos,1/6/2014 9:49,Upcoming birthdays, Willem.Vasco-Pais@gastech.com.kronos
Mat.Bramar@gastech.com.kronos,1/6/2014 9:49,Upcoming birthdays, Bertrand.Ovan@gastech.com.kronos
Mat.Bramar@gastech.com.kronos,1/6/2014 9:49,Upcoming birthdays, Albina.Hafon@gastech.com.kronos
Mat.Bramar@gastech.com.kronos,1/6/2014 9:49,Upcoming birthdays, Benito.Hawelon@gastech.com.kronos
Mat.Bramar@gastech.com.kronos,1/6/2014 9:49,Upcoming birthdays, Claudio.Hawelon@gastech.com.kronos
Mat.Bramar@gastech.com.kronos,1/6/2014 9:49,Upcoming birthdays, Henk.Mies@gastech.com.kronos
Mat.Bramar@gastech.com.kronos,1/6/2014 9:49,Upcoming birthdays, Valeria.Morlun@gastech.com.kronos
Mat.Bramar@gastech.com.kronos,1/6/2014 9:49,Upcoming birthdays, Adan.Morlun@gastech.com.kronos
Mat.Bramar@gastech.com.kronos,1/6/2014 9:49,Upcoming birthdays, Cecilia.Morluniau@gastech.com.kronos
Mat.Bramar@gastech.com.kronos,1/6/2014 9:49,Upcoming birthdays, Irene.Nant@gastech.com.kronos
Mat.Bramar@gastech.com.kronos,1/6/2014 9:49,Upcoming birthdays, Dylan.Scozzese@gastech.com.kronos
Mat.Bramar@gastech.com.kronos,1/6/2014 9:49,Upcoming birthdays, Lucas.Alcazar@gastech.com.kronos
Mat.Bramar@gastech.com.kronos,1/6/2014 9:49,Upcoming birthdays, Isak.Baza@gastech.com.kronos
Mat.Bramar@gastech.com.kronos,1/6/2014 9:49,Upcoming birthdays, Linnea.Bergen@gastech.com.kronos
Mat.Bramar@gastech.com.kronos,1/6/2014 9:49,Upcoming birthdays, Nils.Calixto@gastech.com.kronos
Mat.Bramar@gastech.com.kronos,1/6/2014 9:49,Upcoming birthdays, Sven.Flecha@gastech.com.kronos
Mat.Bramar@gastech.com.kronos,1/6/2014 9:49,Upcoming birthdays, Hideki.Cocinaro@gastech.com.kronos
Mat.Bramar@gastech.com.kronos,1/6/2014 9:49,Upcoming birthdays, Inga.Ferro@gastech.com.kronos
Mat.Bramar@gastech.com.kronos,1/6/2014 9:49,Upcoming birthdays, Loreto.Bodrogi@gastech.com.kronos
Mat.Bramar@gastech.com.kronos,1/6/2014 9:49,Upcoming birthdays, Isia.Vann@gastech.com.kronos
Mat.Bramar@gastech.com.kronos,1/6/2014 9:49,Upcoming birthdays, Stenig.Fusil@gastech.com.kronos
Mat.Bramar@gastech.com.kronos,1/6/2014 9:49,Upcoming birthdays, Hennie.Osvaldo@gastech.com.kronos
Mat.Bramar@gastech.com.kronos,1/6/2014 9:49,Upcoming birthdays, Kanon.Herrero@gastech.com.kronos
Mat.Bramar@gastech.com.kronos,1/6/2014 9:49,Upcoming birthdays, Varja.Lagos@gastech.com.kronos
Mat.Bramar@gastech.com.kronos,1/6/2014 9:49,Upcoming birthdays, Minke.Mies@gastech.com.kronos
Mat.Bramar@gastech.com.kronos,1/6/2014 9:49,Upcoming birthdays, Felix.Resumir@gastech.com.kronos
Mat.Bramar@gastech.com.kronos,1/6/2014 9:49,Upcoming birthdays, Edvard.Vann@gastech.com.kronos
Mat.Bramar@gastech.com.kronos,1/6/2014 9:49,Upcoming birthdays, Emile.Arpa@gastech.com.kronos
Mat.Bramar@gastech.com.kronos,1/6/2014 9:49,Upcoming birthdays, Varro.Awelon@gastech.com.kronos
Mat.Bramar@gastech.com.kronos,1/6/2014 9:49,Upcoming birthdays, Mat.Bramar@gastech.com.kronos
Mat.Bramar@gastech.com.kronos,1/6/2014 9:49,Upcoming birthdays, Dante.Coginian@gastech.com.kronos
Mat.Bramar@gastech.com.kronos,1/6/2014 9:49,Upcoming birthdays, Carla.Forluniau@gastech.com.kronos
Mat.Bramar@gastech.com.kronos,1/6/2014 9:49,Upcoming birthdays, Linda.Lagos@gastech.com.kronos
Mat.Bramar@gastech.com.kronos,1/6/2014 9:49,Upcoming birthdays, Cornelia.Lais@gastech.com.kronos
Mat.Bramar@gastech.com.kronos,1/6/2014 9:49,Upcoming birthdays, Ruscella.Mies.Haber@gastech.com.kronos
Mat.Bramar@gastech.com.kronos,1/6/2014 9:49,Upcoming birthdays, Anda.Ribera@gastech.com.kronos
Bertrand.Ovan@gastech.com.kronos,1/6/2014 10:01,Don't text and drive!,Emile.Arpa@gastech.com.kronos
Bertrand.Ovan@gastech.com.kronos,1/6/2014 10:01,Don't text and drive!, Varro.Awelon@gastech.com.kronos
Bertrand.Ovan@gastech.com.kronos,1/6/2014 10:01,Don't text and drive!, Dante.Coginian@gastech.com.kronos
Bertrand.Ovan@gastech.com.kronos,1/6/2014 10:01,Don't text and drive!, Albina.Hafon@gastech.com.kronos
Bertrand.Ovan@gastech.com.kronos,1/6/2014 10:01,Don't text and drive!, Benito.Hawelon@gastech.com.kronos
Bertrand.Ovan@gastech.com.kronos,1/6/2014 10:01,Don't text and drive!, Claudio.Hawelon@gastech.com.kronos
Bertrand.Ovan@gastech.com.kronos,1/6/2014 10:01,Don't text and drive!, Henk.Mies@gastech.com.kronos
Bertrand.Ovan@gastech.com.kronos,1/6/2014 10:01,Don't text and drive!, Valeria.Morlun@gastech.com.kronos
Bertrand.Ovan@gastech.com.kronos,1/6/2014 10:01,Don't text and drive!, Adan.Morlun@gastech.com.kronos
Bertrand.Ovan@gastech.com.kronos,1/6/2014 10:01,Don't text and drive!, Cecilia.Morluniau@gastech.com.kronos
Bertrand.Ovan@gastech.com.kronos,1/6/2014 10:01,Don't text and drive!, Irene.Nant@gastech.com.kronos
Bertrand.Ovan@gastech.com.kronos,1/6/2014 10:01,Don't text and drive!, Dylan.Scozzese@gastech.com.kronos
Orhan.Strum@gastech.com.kronos,1/6/2014 10:25,Service anniversary,Stenig.Fusil@gastech.com.kronos
Varja.Lagos@gastech.com.kronos,1/6/2014 10:28,Patrol schedule changes,Varja.Lagos@gastech.com.kronos
Varja.Lagos@gastech.com.kronos,1/6/2014 10:28,Patrol schedule changes, Hennie.Osvaldo@gastech.com.kronos
Varja.Lagos@gastech.com.kronos,1/6/2014 10:28,Patrol schedule changes, Loreto.Bodrogi@gastech.com.kronos
Varja.Lagos@gastech.com.kronos,1/6/2014 10:28,Patrol schedule changes, Inga.Ferro@gastech.com.kronos
Brand.Tempestad@gastech.com.kronos,1/6/2014 10:35,Wellhead flow rate data,Birgitta.Frente@gastech.com.kronos
Brand.Tempestad@gastech.com.kronos,1/6/2014 10:35,Wellhead flow rate data, Lars.Azada@gastech.com.kronos
Brand.Tempestad@gastech.com.kronos,1/6/2014 10:35,Wellhead flow rate data, Felix.Balas@gastech.com.kronos
Isak.Baza@gastech.com.kronos,1/6/2014 10:43,RE: GT-SeismicProcessorPro Bug Report,Isak.Baza@gastech.com.kronos
Isak.Baza@gastech.com.kronos,1/6/2014 10:43,RE: GT-SeismicProcessorPro Bug Report, Lucas.Alcazar@gastech.com.kronos
Lucas.Alcazar@gastech.com.kronos,1/6/2014 10:50,RE: GT-SeismicProcessorPro Bug Report,Isak.Baza@gastech.com.kronos
Lucas.Alcazar@gastech.com.kronos,1/6/2014 10:50,RE: GT-SeismicProcessorPro Bug Report, Lucas.Alcazar@gastech.com.kronos
Linnea.Bergen@gastech.com.kronos,1/6/2014 11:00,RE: Upcoming birthdays,Rachel.Pantanal@gastech.com.kronos
Linnea.Bergen@gastech.com.kronos,1/6/2014 11:00,RE: Upcoming birthdays, Lars.Azada@gastech.com.kronos
Linnea.Bergen@gastech.com.kronos,1/6/2014 11:00,RE: Upcoming birthdays, Felix.Balas@gastech.com.kronos
Linnea.Bergen@gastech.com.kronos,1/6/2014 11:00,RE: Upcoming birthdays, Isande.Borrasca@gastech.com.kronos
Linnea.Bergen@gastech.com.kronos,1/6/2014 11:00,RE: Upcoming birthdays, Axel.Calzas@gastech.com.kronos
Linnea.Bergen@gastech.com.kronos,1/6/2014 11:00,RE: Upcoming birthdays, Gustav.Cazar@gastech.com.kronos
Linnea.Bergen@gastech.com.kronos,1/6/2014 11:00,RE: Upcoming birthdays, Lidelse.Dedos@gastech.com.kronos
Linnea.Bergen@gastech.com.kronos,1/6/2014 11:00,RE: Upcoming birthdays, Birgitta.Frente@gastech.com.kronos
Linnea.Bergen@gastech.com.kronos,1/6/2014 11:00,RE: Upcoming birthdays, Vira.Frente@gastech.com.kronos
Linnea.Bergen@gastech.com.kronos,1/6/2014 11:00,RE: Upcoming birthdays, Adra.Nubarron@gastech.com.kronos
Linnea.Bergen@gastech.com.kronos,1/6/2014 11:00,RE: Upcoming birthdays, Marin.Onda@gastech.com.kronos
Linnea.Bergen@gastech.com.kronos,1/6/2014 11:00,RE: Upcoming birthdays, Kare.Orilla@gastech.com.kronos
Linnea.Bergen@gastech.com.kronos,1/6/2014 11:00,RE: Upcoming birthdays, Elsa.Orilla@gastech.com.kronos
Linnea.Bergen@gastech.com.kronos,1/6/2014 11:00,RE: Upcoming birthdays, Brand.Tempestad@gastech.com.kronos
Linnea.Bergen@gastech.com.kronos,1/6/2014 11:00,RE: Upcoming birthdays, Ingrid.Barranco@gastech.com.kronos
Linnea.Bergen@gastech.com.kronos,1/6/2014 11:00,RE: Upcoming birthdays, Ada.Campo-Corrente@gastech.com.kronos
Linnea.Bergen@gastech.com.kronos,1/6/2014 11:00,RE: Upcoming birthdays, Sten.Sanjorge Jr.@gastech.com.kronos
Linnea.Bergen@gastech.com.kronos,1/6/2014 11:00,RE: Upcoming birthdays, Orhan.Strum@gastech.com.kronos
Linnea.Bergen@gastech.com.kronos,1/6/2014 11:00,RE: Upcoming birthdays, Willem.Vasco-Pais@gastech.com.kronos
Linnea.Bergen@gastech.com.kronos,1/6/2014 11:00,RE: Upcoming birthdays, Bertrand.Ovan@gastech.com.kronos
Linnea.Bergen@gastech.com.kronos,1/6/2014 11:00,RE: Upcoming birthdays, Albina.Hafon@gastech.com.kronos
Linnea.Bergen@gastech.com.kronos,1/6/2014 11:00,RE: Upcoming birthdays, Benito.Hawelon@gastech.com.kronos
Linnea.Bergen@gastech.com.kronos,1/6/2014 11:00,RE: Upcoming birthdays, Claudio.Hawelon@gastech.com.kronos
Linnea.Bergen@gastech.com.kronos,1/6/2014 11:00,RE: Upcoming birthdays, Henk.Mies@gastech.com.kronos
Linnea.Bergen@gastech.com.kronos,1/6/2014 11:00,RE: Upcoming birthdays, Valeria.Morlun@gastech.com.kronos
Linnea.Bergen@gastech.com.kronos,1/6/2014 11:00,RE: Upcoming birthdays, Adan.Morlun@gastech.com.kronos
Linnea.Bergen@gastech.com.kronos,1/6/2014 11:00,RE: Upcoming birthdays, Cecilia.Morluniau@gastech.com.kronos
Linnea.Bergen@gastech.com.kronos,1/6/2014 11:00,RE: Upcoming birthdays, Irene.Nant@gastech.com.kronos
Linnea.Bergen@gastech.com.kronos,1/6/2014 11:00,RE: Upcoming birthdays, Dylan.Scozzese@gastech.com.kronos
Linnea.Bergen@gastech.com.kronos,1/6/2014 11:00,RE: Upcoming birthdays, Lucas.Alcazar@gastech.com.kronos
Linnea.Bergen@gastech.com.kronos,1/6/2014 11:00,RE: Upcoming birthdays, Isak.Baza@gastech.com.kronos
Linnea.Bergen@gastech.com.kronos,1/6/2014 11:00,RE: Upcoming birthdays, Linnea.Bergen@gastech.com.kronos
Linnea.Bergen@gastech.com.kronos,1/6/2014 11:00,RE: Upcoming birthdays, Nils.Calixto@gastech.com.kronos
Linnea.Bergen@gastech.com.kronos,1/6/2014 11:00,RE: Upcoming birthdays, Sven.Flecha@gastech.com.kronos
Linnea.Bergen@gastech.com.kronos,1/6/2014 11:00,RE: Upcoming birthdays, Hideki.Cocinaro@gastech.com.kronos
Linnea.Bergen@gastech.com.kronos,1/6/2014 11:00,RE: Upcoming birthdays, Inga.Ferro@gastech.com.kronos
Linnea.Bergen@gastech.com.kronos,1/6/2014 11:00,RE: Upcoming birthdays, Loreto.Bodrogi@gastech.com.kronos
Linnea.Bergen@gastech.com.kronos,1/6/2014 11:00,RE: Upcoming birthdays, Isia.Vann@gastech.com.kronos
Linnea.Bergen@gastech.com.kronos,1/6/2014 11:00,RE: Upcoming birthdays, Stenig.Fusil@gastech.com.kronos
Linnea.Bergen@gastech.com.kronos,1/6/2014 11:00,RE: Upcoming birthdays, Hennie.Osvaldo@gastech.com.kronos
Linnea.Bergen@gastech.com.kronos,1/6/2014 11:00,RE: Upcoming birthdays, Kanon.Herrero@gastech.com.kronos
Linnea.Bergen@gastech.com.kronos,1/6/2014 11:00,RE: Upcoming birthdays, Varja.Lagos@gastech.com.kronos
Linnea.Bergen@gastech.com.kronos,1/6/2014 11:00,RE: Upcoming birthdays, Minke.Mies@gastech.com.kronos
Linnea.Bergen@gastech.com.kronos,1/6/2014 11:00,RE: Upcoming birthdays, Felix.Resumir@gastech.com.kronos
Linnea.Bergen@gastech.com.kronos,1/6/2014 11:00,RE: Upcoming birthdays, Edvard.Vann@gastech.com.kronos
Linnea.Bergen@gastech.com.kronos,1/6/2014 11:00,RE: Upcoming birthdays, Emile.Arpa@gastech.com.kronos
Linnea.Bergen@gastech.com.kronos,1/6/2014 11:00,RE: Upcoming birthdays, Varro.Awelon@gastech.com.kronos
Linnea.Bergen@gastech.com.kronos,1/6/2014 11:00,RE: Upcoming birthdays, Mat.Bramar@gastech.com.kronos
Linnea.Bergen@gastech.com.kronos,1/6/2014 11:00,RE: Upcoming birthdays, Dante.Coginian@gastech.com.kronos
Linnea.Bergen@gastech.com.kronos,1/6/2014 11:00,RE: Upcoming birthdays, Carla.Forluniau@gastech.com.kronos
Linnea.Bergen@gastech.com.kronos,1/6/2014 11:00,RE: Upcoming birthdays, Linda.Lagos@gastech.com.kronos
Linnea.Bergen@gastech.com.kronos,1/6/2014 11:00,RE: Upcoming birthdays, Cornelia.Lais@gastech.com.kronos
Linnea.Bergen@gastech.com.kronos,1/6/2014 11:00,RE: Upcoming birthdays, Ruscella.Mies.Haber@gastech.com.kronos
Linnea.Bergen@gastech.com.kronos,1/6/2014 11:00,RE: Upcoming birthdays, Anda.Ribera@gastech.com.kronos
Loreto.Bodrogi@gastech.com.kronos,1/6/2014 11:04,Plants,Ingrid.Barranco@gastech.com.kronos
Linnea.Bergen@gastech.com.kronos,1/6/2014 11:16,RE: Upcoming birthdays,Rachel.Pantanal@gastech.com.kronos
Linnea.Bergen@gastech.com.kronos,1/6/2014 11:16,RE: Upcoming birthdays, Lars.Azada@gastech.com.kronos
Linnea.Bergen@gastech.com.kronos,1/6/2014 11:16,RE: Upcoming birthdays, Felix.Balas@gastech.com.kronos
Linnea.Bergen@gastech.com.kronos,1/6/2014 11:16,RE: Upcoming birthdays, Isande.Borrasca@gastech.com.kronos
Linnea.Bergen@gastech.com.kronos,1/6/2014 11:16,RE: Upcoming birthdays, Axel.Calzas@gastech.com.kronos
Linnea.Bergen@gastech.com.kronos,1/6/2014 11:16,RE: Upcoming birthdays, Gustav.Cazar@gastech.com.kronos
Linnea.Bergen@gastech.com.kronos,1/6/2014 11:16,RE: Upcoming birthdays, Lidelse.Dedos@gastech.com.kronos
Linnea.Bergen@gastech.com.kronos,1/6/2014 11:16,RE: Upcoming birthdays, Birgitta.Frente@gastech.com.kronos
Linnea.Bergen@gastech.com.kronos,1/6/2014 11:16,RE: Upcoming birthdays, Vira.Frente@gastech.com.kronos
Linnea.Bergen@gastech.com.kronos,1/6/2014 11:16,RE: Upcoming birthdays, Adra.Nubarron@gastech.com.kronos
Linnea.Bergen@gastech.com.kronos,1/6/2014 11:16,RE: Upcoming birthdays, Marin.Onda@gastech.com.kronos
Linnea.Bergen@gastech.com.kronos,1/6/2014 11:16,RE: Upcoming birthdays, Kare.Orilla@gastech.com.kronos
Linnea.Bergen@gastech.com.kronos,1/6/2014 11:16,RE: Upcoming birthdays, Elsa.Orilla@gastech.com.kronos
Linnea.Bergen@gastech.com.kronos,1/6/2014 11:16,RE: Upcoming birthdays, Brand.Tempestad@gastech.com.kronos
Linnea.Bergen@gastech.com.kronos,1/6/2014 11:16,RE: Upcoming birthdays, Ingrid.Barranco@gastech.com.kronos
Linnea.Bergen@gastech.com.kronos,1/6/2014 11:16,RE: Upcoming birthdays, Ada.Campo-Corrente@gastech.com.kronos
Linnea.Bergen@gastech.com.kronos,1/6/2014 11:16,RE: Upcoming birthdays, Sten.Sanjorge Jr.@gastech.com.kronos
Linnea.Bergen@gastech.com.kronos,1/6/2014 11:16,RE: Upcoming birthdays, Orhan.Strum@gastech.com.kronos
Linnea.Bergen@gastech.com.kronos,1/6/2014 11:16,RE: Upcoming birthdays, Willem.Vasco-Pais@gastech.com.kronos
Linnea.Bergen@gastech.com.kronos,1/6/2014 11:16,RE: Upcoming birthdays, Bertrand.Ovan@gastech.com.kronos
Linnea.Bergen@gastech.com.kronos,1/6/2014 11:16,RE: Upcoming birthdays, Albina.Hafon@gastech.com.kronos
Linnea.Bergen@gastech.com.kronos,1/6/2014 11:16,RE: Upcoming birthdays, Benito.Hawelon@gastech.com.kronos
Linnea.Bergen@gastech.com.kronos,1/6/2014 11:16,RE: Upcoming birthdays, Claudio.Hawelon@gastech.com.kronos
Linnea.Bergen@gastech.com.kronos,1/6/2014 11:16,RE: Upcoming birthdays, Henk.Mies@gastech.com.kronos
Linnea.Bergen@gastech.com.kronos,1/6/2014 11:16,RE: Upcoming birthdays, Valeria.Morlun@gastech.com.kronos
Linnea.Bergen@gastech.com.kronos,1/6/2014 11:16,RE: Upcoming birthdays, Adan.Morlun@gastech.com.kronos
Linnea.Bergen@gastech.com.kronos,1/6/2014 11:16,RE: Upcoming birthdays, Cecilia.Morluniau@gastech.com.kronos
Linnea.Bergen@gastech.com.kronos,1/6/2014 11:16,RE: Upcoming birthdays, Irene.Nant@gastech.com.kronos
Linnea.Bergen@gastech.com.kronos,1/6/2014 11:16,RE: Upcoming birthdays, Dylan.Scozzese@gastech.com.kronos
Linnea.Bergen@gastech.com.kronos,1/6/2014 11:16,RE: Upcoming birthdays, Lucas.Alcazar@gastech.com.kronos
Linnea.Bergen@gastech.com.kronos,1/6/2014 11:16,RE: Upcoming birthdays, Isak.Baza@gastech.com.kronos
Linnea.Bergen@gastech.com.kronos,1/6/2014 11:16,RE: Upcoming birthdays, Linnea.Bergen@gastech.com.kronos
Linnea.Bergen@gastech.com.kronos,1/6/2014 11:16,RE: Upcoming birthdays, Nils.Calixto@gastech.com.kronos
Linnea.Bergen@gastech.com.kronos,1/6/2014 11:16,RE: Upcoming birthdays, Sven.Flecha@gastech.com.kronos
Linnea.Bergen@gastech.com.kronos,1/6/2014 11:16,RE: Upcoming birthdays, Hideki.Cocinaro@gastech.com.kronos
Linnea.Bergen@gastech.com.kronos,1/6/2014 11:16,RE: Upcoming birthdays, Inga.Ferro@gastech.com.kronos
Linnea.Bergen@gastech.com.kronos,1/6/2014 11:16,RE: Upcoming birthdays, Loreto.Bodrogi@gastech.com.kronos
Linnea.Bergen@gastech.com.kronos,1/6/2014 11:16,RE: Upcoming birthdays, Isia.Vann@gastech.com.kronos
Linnea.Bergen@gastech.com.kronos,1/6/2014 11:16,RE: Upcoming birthdays, Stenig.Fusil@gastech.com.kronos
Linnea.Bergen@gastech.com.kronos,1/6/2014 11:16,RE: Upcoming birthdays, Hennie.Osvaldo@gastech.com.kronos
Linnea.Bergen@gastech.com.kronos,1/6/2014 11:16,RE: Upcoming birthdays, Kanon.Herrero@gastech.com.kronos
Linnea.Bergen@gastech.com.kronos,1/6/2014 11:16,RE: Upcoming birthdays, Varja.Lagos@gastech.com.kronos
Linnea.Bergen@gastech.com.kronos,1/6/2014 11:16,RE: Upcoming birthdays, Minke.Mies@gastech.com.kronos
Linnea.Bergen@gastech.com.kronos,1/6/2014 11:16,RE: Upcoming birthdays, Felix.Resumir@gastech.com.kronos
Linnea.Bergen@gastech.com.kronos,1/6/2014 11:16,RE: Upcoming birthdays, Edvard.Vann@gastech.com.kronos
Linnea.Bergen@gastech.com.kronos,1/6/2014 11:16,RE: Upcoming birthdays, Emile.Arpa@gastech.com.kronos
Linnea.Bergen@gastech.com.kronos,1/6/2014 11:16,RE: Upcoming birthdays, Varro.Awelon@gastech.com.kronos
Linnea.Bergen@gastech.com.kronos,1/6/2014 11:16,RE: Upcoming birthdays, Mat.Bramar@gastech.com.kronos
Linnea.Bergen@gastech.com.kronos,1/6/2014 11:16,RE: Upcoming birthdays, Dante.Coginian@gastech.com.kronos
Linnea.Bergen@gastech.com.kronos,1/6/2014 11:16,RE: Upcoming birthdays, Carla.Forluniau@gastech.com.kronos
Linnea.Bergen@gastech.com.kronos,1/6/2014 11:16,RE: Upcoming birthdays, Linda.Lagos@gastech.com.kronos
Linnea.Bergen@gastech.com.kronos,1/6/2014 11:16,RE: Upcoming birthdays, Cornelia.Lais@gastech.com.kronos
Linnea.Bergen@gastech.com.kronos,1/6/2014 11:16,RE: Upcoming birthdays, Ruscella.Mies.Haber@gastech.com.kronos
Linnea.Bergen@gastech.com.kronos,1/6/2014 11:16,RE: Upcoming birthdays, Anda.Ribera@gastech.com.kronos
Lucas.Alcazar@gastech.com.kronos,1/6/2014 11:23,GT-SeismicProcessorPro Bug Report,Nils.Calixto@gastech.com.kronos
Lucas.Alcazar@gastech.com.kronos,1/6/2014 11:23,GT-SeismicProcessorPro Bug Report, Sven.Flecha@gastech.com.kronos
Isak.Baza@gastech.com.kronos,1/6/2014 11:34,RE: GT-SeismicProcessorPro Bug Report,Isak.Baza@gastech.com.kronos
Isak.Baza@gastech.com.kronos,1/6/2014 11:34,RE: GT-SeismicProcessorPro Bug Report, Lucas.Alcazar@gastech.com.kronos
Lucas.Alcazar@gastech.com.kronos,1/6/2014 11:40,RE: GT-SeismicProcessorPro Bug Report,Isak.Baza@gastech.com.kronos
Lucas.Alcazar@gastech.com.kronos,1/6/2014 11:40,RE: GT-SeismicProcessorPro Bug Report, Lucas.Alcazar@gastech.com.kronos
Sten.Sanjorge Jr.@gastech.com.tethys,1/6/2014 11:53,IPO,Orhan.Strum@gastech.com.kronos
Sten.Sanjorge Jr.@gastech.com.tethys,1/6/2014 11:53,IPO, Willem.Vasco-Pais@gastech.com.kronos
Mat.Bramar@gastech.com.kronos,1/6/2014 12:05,Craft night,Mat.Bramar@gastech.com.kronos
Mat.Bramar@gastech.com.kronos,1/6/2014 12:05,Craft night, Anda.Ribera@gastech.com.kronos
Mat.Bramar@gastech.com.kronos,1/6/2014 12:05,Craft night, Rachel.Pantanal@gastech.com.kronos
Mat.Bramar@gastech.com.kronos,1/6/2014 12:05,Craft night, Linda.Lagos@gastech.com.kronos
Mat.Bramar@gastech.com.kronos,1/6/2014 12:05,Craft night, Ruscella.Mies.Haber@gastech.com.kronos
Mat.Bramar@gastech.com.kronos,1/6/2014 12:05,Craft night, Carla.Forluniau@gastech.com.kronos
Mat.Bramar@gastech.com.kronos,1/6/2014 12:05,Craft night, Cornelia.Lais@gastech.com.kronos
Lucas.Alcazar@gastech.com.kronos,1/6/2014 12:05,RE: GT-SeismicProcessorPro Bug Report,Isak.Baza@gastech.com.kronos
Lucas.Alcazar@gastech.com.kronos,1/6/2014 12:05,RE: GT-SeismicProcessorPro Bug Report, Lucas.Alcazar@gastech.com.kronos
Ingrid.Barranco@gastech.com.kronos,1/6/2014 12:15,RE: Plants,Loreto.Bodrogi@gastech.com.kronos
Axel.Calzas@gastech.com.kronos,1/6/2014 12:15,Wellhead flow rate data,Felix.Balas@gastech.com.kronos
Axel.Calzas@gastech.com.kronos,1/6/2014 12:15,Wellhead flow rate data, Lars.Azada@gastech.com.kronos
Axel.Calzas@gastech.com.kronos,1/6/2014 12:15,Wellhead flow rate data, Elsa.Orilla@gastech.com.kronos
Axel.Calzas@gastech.com.kronos,1/6/2014 12:15,Wellhead flow rate data, Birgitta.Frente@gastech.com.kronos
Axel.Calzas@gastech.com.kronos,1/6/2014 12:15,Wellhead flow rate data, Kare.Orilla@gastech.com.kronos
Axel.Calzas@gastech.com.kronos,1/6/2014 12:15,Wellhead flow rate data, Isande.Borrasca@gastech.com.kronos
Axel.Calzas@gastech.com.kronos,1/6/2014 12:15,Wellhead flow rate data, Gustav.Cazar@gastech.com.kronos
Axel.Calzas@gastech.com.kronos,1/6/2014 12:15,Wellhead flow rate data, Axel.Calzas@gastech.com.kronos
Axel.Calzas@gastech.com.kronos,1/6/2014 12:15,Wellhead flow rate data, Vira.Frente@gastech.com.kronos
Lars.Azada@gastech.com.kronos,1/6/2014 12:21,RE: Wellhead flow rate data,Birgitta.Frente@gastech.com.kronos
Lars.Azada@gastech.com.kronos,1/6/2014 12:21,RE: Wellhead flow rate data, Lars.Azada@gastech.com.kronos
Lars.Azada@gastech.com.kronos,1/6/2014 12:21,RE: Wellhead flow rate data, Felix.Balas@gastech.com.kronos
Stenig.Fusil@gastech.com.kronos,1/6/2014 12:28,RE: Service anniversary,Orhan.Strum@gastech.com.kronos
Orhan.Strum@gastech.com.kronos,1/6/2014 12:28,RE: Service anniversary,Stenig.Fusil@gastech.com.kronos
Albina.Hafon@gastech.com.kronos,1/6/2014 12:30,RE: New refueling policies - Effective February 1,Dante.Coginian@gastech.com.kronos
Albina.Hafon@gastech.com.kronos,1/6/2014 12:30,RE: New refueling policies - Effective February 1, Irene.Nant@gastech.com.kronos
Albina.Hafon@gastech.com.kronos,1/6/2014 12:30,RE: New refueling policies - Effective February 1, Dylan.Scozzese@gastech.com.kronos
Albina.Hafon@gastech.com.kronos,1/6/2014 12:30,RE: New refueling policies - Effective February 1, Benito.Hawelon@gastech.com.kronos
Albina.Hafon@gastech.com.kronos,1/6/2014 12:30,RE: New refueling policies - Effective February 1, Valeria.Morlun@gastech.com.kronos
Albina.Hafon@gastech.com.kronos,1/6/2014 12:30,RE: New refueling policies - Effective February 1, Adan.Morlun@gastech.com.kronos
Albina.Hafon@gastech.com.kronos,1/6/2014 12:30,RE: New refueling policies - Effective February 1, Emile.Arpa@gastech.com.kronos
Nils.Calixto@gastech.com.kronos,1/6/2014 12:34,RE: GT-SeismicProcessorPro Bug Report,Nils.Calixto@gastech.com.kronos
Nils.Calixto@gastech.com.kronos,1/6/2014 12:34,RE: GT-SeismicProcessorPro Bug Report, Sven.Flecha@gastech.com.kronos
Felix.Balas@gastech.com.kronos,1/6/2014 12:36,RE: Wellhead flow rate data,Birgitta.Frente@gastech.com.kronos
Felix.Balas@gastech.com.kronos,1/6/2014 12:36,RE: Wellhead flow rate data, Lars.Azada@gastech.com.kronos
Felix.Balas@gastech.com.kronos,1/6/2014 12:36,RE: Wellhead flow rate data, Felix.Balas@gastech.com.kronos
Felix.Balas@gastech.com.kronos,1/6/2014 12:37,RE: Wellhead flow rate data,Birgitta.Frente@gastech.com.kronos
Felix.Balas@gastech.com.kronos,1/6/2014 12:37,RE: Wellhead flow rate data, Lars.Azada@gastech.com.kronos
Felix.Balas@gastech.com.kronos,1/6/2014 12:37,RE: Wellhead flow rate data, Felix.Balas@gastech.com.kronos
Lars.Azada@gastech.com.kronos,1/6/2014 12:39,RE: Wellhead flow rate data,Birgitta.Frente@gastech.com.kronos
Lars.Azada@gastech.com.kronos,1/6/2014 12:39,RE: Wellhead flow rate data, Lars.Azada@gastech.com.kronos
Lars.Azada@gastech.com.kronos,1/6/2014 12:39,RE: Wellhead flow rate data, Felix.Balas@gastech.com.kronos
Loreto.Bodrogi@gastech.com.kronos,1/6/2014 12:44,RE: Patrol schedule changes,Varja.Lagos@gastech.com.kronos
Loreto.Bodrogi@gastech.com.kronos,1/6/2014 12:44,RE: Patrol schedule changes, Hennie.Osvaldo@gastech.com.kronos
Loreto.Bodrogi@gastech.com.kronos,1/6/2014 12:44,RE: Patrol schedule changes, Loreto.Bodrogi@gastech.com.kronos
Loreto.Bodrogi@gastech.com.kronos,1/6/2014 12:44,RE: Patrol schedule changes, Inga.Ferro@gastech.com.kronos
Loreto.Bodrogi@gastech.com.kronos,1/6/2014 12:48,RE: Plants,Ingrid.Barranco@gastech.com.kronos
Willem.Vasco-Pais@gastech.com.kronos,1/6/2014 12:56,RE: IPO,Orhan.Strum@gastech.com.kronos
Willem.Vasco-Pais@gastech.com.kronos,1/6/2014 12:56,RE: IPO, Willem.Vasco-Pais@gastech.com.kronos
Anda.Ribera@gastech.com.kronos,1/6/2014 13:01,Favor - borrow hedge trimmer,Valeria.Morlun@gastech.com.kronos
Orhan.Strum@gastech.com.kronos,1/6/2014 13:05,RE: IPO,Orhan.Strum@gastech.com.kronos
Orhan.Strum@gastech.com.kronos,1/6/2014 13:05,RE: IPO, Willem.Vasco-Pais@gastech.com.kronos
Benito.Hawelon@gastech.com.kronos,1/6/2014 13:07,RE: New refueling policies - Effective February 1,Adan.Morlun@gastech.com.kronos
Benito.Hawelon@gastech.com.kronos,1/6/2014 13:07,RE: New refueling policies - Effective February 1, Claudio.Hawelon@gastech.com.kronos
Benito.Hawelon@gastech.com.kronos,1/6/2014 13:07,RE: New refueling policies - Effective February 1, Valeria.Morlun@gastech.com.kronos
Benito.Hawelon@gastech.com.kronos,1/6/2014 13:07,RE: New refueling policies - Effective February 1, Varro.Awelon@gastech.com.kronos
Benito.Hawelon@gastech.com.kronos,1/6/2014 13:07,RE: New refueling policies - Effective February 1, Albina.Hafon@gastech.com.kronos
Benito.Hawelon@gastech.com.kronos,1/6/2014 13:07,RE: New refueling policies - Effective February 1, Emile.Arpa@gastech.com.kronos
Benito.Hawelon@gastech.com.kronos,1/6/2014 13:07,RE: New refueling policies - Effective February 1, Irene.Nant@gastech.com.kronos
Benito.Hawelon@gastech.com.kronos,1/6/2014 13:07,RE: New refueling policies - Effective February 1, Benito.Hawelon@gastech.com.kronos
Benito.Hawelon@gastech.com.kronos,1/6/2014 13:07,RE: New refueling policies - Effective February 1, Dante.Coginian@gastech.com.kronos
Felix.Resumir@gastech.com.kronos,1/6/2014 13:08,RE: Inspection request for site,Felix.Resumir@gastech.com.kronos
Felix.Resumir@gastech.com.kronos,1/6/2014 13:08,RE: Inspection request for site, Hideki.Cocinaro@gastech.com.kronos
Felix.Resumir@gastech.com.kronos,1/6/2014 13:08,RE: Inspection request for site, Inga.Ferro@gastech.com.kronos
Felix.Resumir@gastech.com.kronos,1/6/2014 13:08,RE: Inspection request for site, Varja.Lagos@gastech.com.kronos
Felix.Resumir@gastech.com.kronos,1/6/2014 13:08,RE: Inspection request for site, Kanon.Herrero@gastech.com.kronos
Felix.Resumir@gastech.com.kronos,1/6/2014 13:08,RE: Inspection request for site, Stenig.Fusil@gastech.com.kronos
Felix.Resumir@gastech.com.kronos,1/6/2014 13:08,RE: Inspection request for site, Hennie.Osvaldo@gastech.com.kronos
Felix.Resumir@gastech.com.kronos,1/6/2014 13:08,RE: Inspection request for site, Isia.Vann@gastech.com.kronos
Felix.Resumir@gastech.com.kronos,1/6/2014 13:08,RE: Inspection request for site, Edvard.Vann@gastech.com.kronos
Felix.Resumir@gastech.com.kronos,1/6/2014 13:08,RE: Inspection request for site, Loreto.Bodrogi@gastech.com.kronos
Bertrand.Ovan@gastech.com.kronos,1/6/2014 13:14,Facilities preparations for VIP visit,Emile.Arpa@gastech.com.kronos
Bertrand.Ovan@gastech.com.kronos,1/6/2014 13:14,Facilities preparations for VIP visit, Varro.Awelon@gastech.com.kronos
Bertrand.Ovan@gastech.com.kronos,1/6/2014 13:14,Facilities preparations for VIP visit, Dante.Coginian@gastech.com.kronos
Bertrand.Ovan@gastech.com.kronos,1/6/2014 13:14,Facilities preparations for VIP visit, Albina.Hafon@gastech.com.kronos
Bertrand.Ovan@gastech.com.kronos,1/6/2014 13:14,Facilities preparations for VIP visit, Benito.Hawelon@gastech.com.kronos
Bertrand.Ovan@gastech.com.kronos,1/6/2014 13:14,Facilities preparations for VIP visit, Claudio.Hawelon@gastech.com.kronos
Bertrand.Ovan@gastech.com.kronos,1/6/2014 13:14,Facilities preparations for VIP visit, Henk.Mies@gastech.com.kronos
Bertrand.Ovan@gastech.com.kronos,1/6/2014 13:14,Facilities preparations for VIP visit, Valeria.Morlun@gastech.com.kronos
Bertrand.Ovan@gastech.com.kronos,1/6/2014 13:14,Facilities preparations for VIP visit, Adan.Morlun@gastech.com.kronos
Bertrand.Ovan@gastech.com.kronos,1/6/2014 13:14,Facilities preparations for VIP visit, Cecilia.Morluniau@gastech.com.kronos
Bertrand.Ovan@gastech.com.kronos,1/6/2014 13:14,Facilities preparations for VIP visit, Irene.Nant@gastech.com.kronos
Bertrand.Ovan@gastech.com.kronos,1/6/2014 13:14,Facilities preparations for VIP visit, Dylan.Scozzese@gastech.com.kronos
Felix.Balas@gastech.com.kronos,1/6/2014 13:16,RE: Wellhead flow rate data,Birgitta.Frente@gastech.com.kronos
Felix.Balas@gastech.com.kronos,1/6/2014 13:16,RE: Wellhead flow rate data, Lars.Azada@gastech.com.kronos
Felix.Balas@gastech.com.kronos,1/6/2014 13:16,RE: Wellhead flow rate data, Felix.Balas@gastech.com.kronos
Ingrid.Barranco@gastech.com.kronos,1/6/2014 13:21,RE: Plants,Loreto.Bodrogi@gastech.com.kronos
Birgitta.Frente@gastech.com.kronos,1/6/2014 13:23,RE: Wellhead flow rate data,Birgitta.Frente@gastech.com.kronos
Birgitta.Frente@gastech.com.kronos,1/6/2014 13:23,RE: Wellhead flow rate data, Lars.Azada@gastech.com.kronos
Birgitta.Frente@gastech.com.kronos,1/6/2014 13:23,RE: Wellhead flow rate data, Felix.Balas@gastech.com.kronos
Carla.Forluniau@gastech.com.kronos,1/6/2014 13:24,Question - Protocol for VIP visit,Mat.Bramar@gastech.com.kronos
Carla.Forluniau@gastech.com.kronos,1/6/2014 13:24,Question - Protocol for VIP visit, Anda.Ribera@gastech.com.kronos
Carla.Forluniau@gastech.com.kronos,1/6/2014 13:24,Question - Protocol for VIP visit, Rachel.Pantanal@gastech.com.kronos
Carla.Forluniau@gastech.com.kronos,1/6/2014 13:24,Question - Protocol for VIP visit, Linda.Lagos@gastech.com.kronos
Carla.Forluniau@gastech.com.kronos,1/6/2014 13:24,Question - Protocol for VIP visit, Ruscella.Mies.Haber@gastech.com.kronos
Carla.Forluniau@gastech.com.kronos,1/6/2014 13:24,Question - Protocol for VIP visit, Carla.Forluniau@gastech.com.kronos
Carla.Forluniau@gastech.com.kronos,1/6/2014 13:24,Question - Protocol for VIP visit, Cornelia.Lais@gastech.com.kronos
Loreto.Bodrogi@gastech.com.kronos,1/6/2014 13:26,RE: Plants,Ingrid.Barranco@gastech.com.kronos
Anda.Ribera@gastech.com.kronos,1/6/2014 13:29,RE: Craft night,Mat.Bramar@gastech.com.kronos
Anda.Ribera@gastech.com.kronos,1/6/2014 13:29,RE: Craft night, Anda.Ribera@gastech.com.kronos
Anda.Ribera@gastech.com.kronos,1/6/2014 13:29,RE: Craft night, Rachel.Pantanal@gastech.com.kronos
Anda.Ribera@gastech.com.kronos,1/6/2014 13:29,RE: Craft night, Linda.Lagos@gastech.com.kronos
Anda.Ribera@gastech.com.kronos,1/6/2014 13:29,RE: Craft night, Ruscella.Mies.Haber@gastech.com.kronos
Anda.Ribera@gastech.com.kronos,1/6/2014 13:29,RE: Craft night, Carla.Forluniau@gastech.com.kronos
Anda.Ribera@gastech.com.kronos,1/6/2014 13:29,RE: Craft night, Cornelia.Lais@gastech.com.kronos
Claudio.Hawelon@gastech.com.kronos,1/6/2014 13:35,Route suggestion for next shift,Irene.Nant@gastech.com.kronos
Claudio.Hawelon@gastech.com.kronos,1/6/2014 13:35,Route suggestion for next shift, Cecilia.Morluniau@gastech.com.kronos
Claudio.Hawelon@gastech.com.kronos,1/6/2014 13:35,Route suggestion for next shift, Dylan.Scozzese@gastech.com.kronos
Hennie.Osvaldo@gastech.com.kronos,1/6/2014 13:42,Concert tickets,Kanon.Herrero@gastech.com.kronos
Cornelia.Lais@gastech.com.kronos,1/6/2014 13:48,RE: Craft night,Mat.Bramar@gastech.com.kronos
Cornelia.Lais@gastech.com.kronos,1/6/2014 13:48,RE: Craft night, Anda.Ribera@gastech.com.kronos
Cornelia.Lais@gastech.com.kronos,1/6/2014 13:48,RE: Craft night, Rachel.Pantanal@gastech.com.kronos
Cornelia.Lais@gastech.com.kronos,1/6/2014 13:48,RE: Craft night, Linda.Lagos@gastech.com.kronos
Cornelia.Lais@gastech.com.kronos,1/6/2014 13:48,RE: Craft night, Ruscella.Mies.Haber@gastech.com.kronos
Cornelia.Lais@gastech.com.kronos,1/6/2014 13:48,RE: Craft night, Carla.Forluniau@gastech.com.kronos
Cornelia.Lais@gastech.com.kronos,1/6/2014 13:48,RE: Craft night, Cornelia.Lais@gastech.com.kronos
Valeria.Morlun@gastech.com.kronos,1/6/2014 13:49,RE: Favor - borrow hedge trimmer,Anda.Ribera@gastech.com.kronos
Cecilia.Morluniau@gastech.com.kronos,1/6/2014 13:54,Supplies,Ingrid.Barranco@gastech.com.kronos
Anda.Ribera@gastech.com.kronos,1/6/2014 13:59,RE: Favor - borrow hedge trimmer,Valeria.Morlun@gastech.com.kronos
Adan.Morlun@gastech.com.kronos,1/6/2014 13:59,RE: New refueling policies - Effective February 1,Claudio.Hawelon@gastech.com.kronos
Adan.Morlun@gastech.com.kronos,1/6/2014 13:59,RE: New refueling policies - Effective February 1, Benito.Hawelon@gastech.com.kronos
Adan.Morlun@gastech.com.kronos,1/6/2014 13:59,RE: New refueling policies - Effective February 1, Henk.Mies@gastech.com.kronos
Adan.Morlun@gastech.com.kronos,1/6/2014 13:59,RE: New refueling policies - Effective February 1, Dylan.Scozzese@gastech.com.kronos
Adan.Morlun@gastech.com.kronos,1/6/2014 13:59,RE: New refueling policies - Effective February 1, Valeria.Morlun@gastech.com.kronos
Adan.Morlun@gastech.com.kronos,1/6/2014 13:59,RE: New refueling policies - Effective February 1, Irene.Nant@gastech.com.kronos
Adan.Morlun@gastech.com.kronos,1/6/2014 13:59,RE: New refueling policies - Effective February 1, Dante.Coginian@gastech.com.kronos
Adan.Morlun@gastech.com.kronos,1/6/2014 13:59,RE: New refueling policies - Effective February 1, Emile.Arpa@gastech.com.kronos
Adan.Morlun@gastech.com.kronos,1/6/2014 13:59,RE: New refueling policies - Effective February 1, Adan.Morlun@gastech.com.kronos
Adan.Morlun@gastech.com.kronos,1/6/2014 13:59,RE: New refueling policies - Effective February 1, Varro.Awelon@gastech.com.kronos
Varro.Awelon@gastech.com.kronos,1/6/2014 14:01,RE: Don't text and drive!,Benito.Hawelon@gastech.com.kronos
Varro.Awelon@gastech.com.kronos,1/6/2014 14:01,RE: Don't text and drive!, Cecilia.Morluniau@gastech.com.kronos
Varro.Awelon@gastech.com.kronos,1/6/2014 14:01,RE: Don't text and drive!, Varro.Awelon@gastech.com.kronos
Varro.Awelon@gastech.com.kronos,1/6/2014 14:01,RE: Don't text and drive!, Albina.Hafon@gastech.com.kronos
Varro.Awelon@gastech.com.kronos,1/6/2014 14:01,RE: Don't text and drive!, Dante.Coginian@gastech.com.kronos
Varro.Awelon@gastech.com.kronos,1/6/2014 14:01,RE: Don't text and drive!, Claudio.Hawelon@gastech.com.kronos
Dante.Coginian@gastech.com.kronos,1/6/2014 14:05,Congratulations on your service anniversary,Lucas.Alcazar@gastech.com.kronos
Nils.Calixto@gastech.com.kronos,1/6/2014 14:16,RE: GT-SeismicProcessorPro Bug Report,Nils.Calixto@gastech.com.kronos
Nils.Calixto@gastech.com.kronos,1/6/2014 14:16,RE: GT-SeismicProcessorPro Bug Report, Sven.Flecha@gastech.com.kronos
Willem.Vasco-Pais@gastech.com.kronos,1/6/2014 14:19,RE: IPO,Orhan.Strum@gastech.com.kronos
Willem.Vasco-Pais@gastech.com.kronos,1/6/2014 14:19,RE: IPO, Willem.Vasco-Pais@gastech.com.kronos
Benito.Hawelon@gastech.com.kronos,1/6/2014 14:19,RE: New refueling policies - Effective February 1,Claudio.Hawelon@gastech.com.kronos
Benito.Hawelon@gastech.com.kronos,1/6/2014 14:19,RE: New refueling policies - Effective February 1, Dante.Coginian@gastech.com.kronos
Benito.Hawelon@gastech.com.kronos,1/6/2014 14:19,RE: New refueling policies - Effective February 1, Valeria.Morlun@gastech.com.kronos
Benito.Hawelon@gastech.com.kronos,1/6/2014 14:19,RE: New refueling policies - Effective February 1, Albina.Hafon@gastech.com.kronos
Benito.Hawelon@gastech.com.kronos,1/6/2014 14:19,RE: New refueling policies - Effective February 1, Emile.Arpa@gastech.com.kronos
Benito.Hawelon@gastech.com.kronos,1/6/2014 14:19,RE: New refueling policies - Effective February 1, Cecilia.Morluniau@gastech.com.kronos
Benito.Hawelon@gastech.com.kronos,1/6/2014 14:19,RE: New refueling policies - Effective February 1, Adan.Morlun@gastech.com.kronos
Benito.Hawelon@gastech.com.kronos,1/6/2014 14:19,RE: New refueling policies - Effective February 1, Benito.Hawelon@gastech.com.kronos
Benito.Hawelon@gastech.com.kronos,1/6/2014 14:19,RE: New refueling policies - Effective February 1, Varro.Awelon@gastech.com.kronos
Axel.Calzas@gastech.com.kronos,1/6/2014 14:22,Meeting,Lars.Azada@gastech.com.kronos
Dante.Coginian@gastech.com.kronos,1/6/2014 14:23,RE: New refueling policies - Effective February 1,Valeria.Morlun@gastech.com.kronos
Dante.Coginian@gastech.com.kronos,1/6/2014 14:23,RE: New refueling policies - Effective February 1, Albina.Hafon@gastech.com.kronos
Dante.Coginian@gastech.com.kronos,1/6/2014 14:23,RE: New refueling policies - Effective February 1, Varro.Awelon@gastech.com.kronos
Dante.Coginian@gastech.com.kronos,1/6/2014 14:23,RE: New refueling policies - Effective February 1, Benito.Hawelon@gastech.com.kronos
Dante.Coginian@gastech.com.kronos,1/6/2014 14:23,RE: New refueling policies - Effective February 1, Dante.Coginian@gastech.com.kronos
Benito.Hawelon@gastech.com.kronos,1/6/2014 14:26,RE: Route suggestion for next shift,Dante.Coginian@gastech.com.kronos
Benito.Hawelon@gastech.com.kronos,1/6/2014 14:26,RE: Route suggestion for next shift, Albina.Hafon@gastech.com.kronos
Benito.Hawelon@gastech.com.kronos,1/6/2014 14:26,RE: Route suggestion for next shift, Benito.Hawelon@gastech.com.kronos
Benito.Hawelon@gastech.com.kronos,1/6/2014 14:26,RE: Route suggestion for next shift, Henk.Mies@gastech.com.kronos
Nils.Calixto@gastech.com.kronos,1/6/2014 14:28,RE: GT-SeismicProcessorPro Bug Report,Nils.Calixto@gastech.com.kronos
Nils.Calixto@gastech.com.kronos,1/6/2014 14:28,RE: GT-SeismicProcessorPro Bug Report, Sven.Flecha@gastech.com.kronos
Axel.Calzas@gastech.com.kronos,1/6/2014 14:30,RE: Wellhead flow rate data,Felix.Balas@gastech.com.kronos
Axel.Calzas@gastech.com.kronos,1/6/2014 14:30,RE: Wellhead flow rate data, Lars.Azada@gastech.com.kronos
Axel.Calzas@gastech.com.kronos,1/6/2014 14:30,RE: Wellhead flow rate data, Elsa.Orilla@gastech.com.kronos
Axel.Calzas@gastech.com.kronos,1/6/2014 14:30,RE: Wellhead flow rate data, Birgitta.Frente@gastech.com.kronos
Axel.Calzas@gastech.com.kronos,1/6/2014 14:30,RE: Wellhead flow rate data, Kare.Orilla@gastech.com.kronos
Axel.Calzas@gastech.com.kronos,1/6/2014 14:30,RE: Wellhead flow rate data, Isande.Borrasca@gastech.com.kronos
Axel.Calzas@gastech.com.kronos,1/6/2014 14:30,RE: Wellhead flow rate data, Gustav.Cazar@gastech.com.kronos
Axel.Calzas@gastech.com.kronos,1/6/2014 14:30,RE: Wellhead flow rate data, Axel.Calzas@gastech.com.kronos
Axel.Calzas@gastech.com.kronos,1/6/2014 14:30,RE: Wellhead flow rate data, Vira.Frente@gastech.com.kronos
Albina.Hafon@gastech.com.kronos,1/6/2014 14:33,RE: Route suggestion for next shift,Dante.Coginian@gastech.com.kronos
Albina.Hafon@gastech.com.kronos,1/6/2014 14:33,RE: Route suggestion for next shift, Albina.Hafon@gastech.com.kronos
Albina.Hafon@gastech.com.kronos,1/6/2014 14:33,RE: Route suggestion for next shift, Benito.Hawelon@gastech.com.kronos
Albina.Hafon@gastech.com.kronos,1/6/2014 14:33,RE: Route suggestion for next shift, Henk.Mies@gastech.com.kronos
Anda.Ribera@gastech.com.kronos,1/6/2014 14:38,RE: Craft night,Mat.Bramar@gastech.com.kronos
Anda.Ribera@gastech.com.kronos,1/6/2014 14:38,RE: Craft night, Anda.Ribera@gastech.com.kronos
Anda.Ribera@gastech.com.kronos,1/6/2014 14:38,RE: Craft night, Rachel.Pantanal@gastech.com.kronos
Anda.Ribera@gastech.com.kronos,1/6/2014 14:38,RE: Craft night, Linda.Lagos@gastech.com.kronos
Anda.Ribera@gastech.com.kronos,1/6/2014 14:38,RE: Craft night, Ruscella.Mies.Haber@gastech.com.kronos
Anda.Ribera@gastech.com.kronos,1/6/2014 14:38,RE: Craft night, Carla.Forluniau@gastech.com.kronos
Anda.Ribera@gastech.com.kronos,1/6/2014 14:38,RE: Craft night, Cornelia.Lais@gastech.com.kronos
Vira.Frente@gastech.com.kronos,1/6/2014 14:43,Wellhead flow rate data,Isande.Borrasca@gastech.com.kronos
Vira.Frente@gastech.com.kronos,1/6/2014 14:43,Wellhead flow rate data, Elsa.Orilla@gastech.com.kronos
Vira.Frente@gastech.com.kronos,1/6/2014 14:43,Wellhead flow rate data, Felix.Balas@gastech.com.kronos
Vira.Frente@gastech.com.kronos,1/6/2014 14:43,Wellhead flow rate data, Brand.Tempestad@gastech.com.kronos
Vira.Frente@gastech.com.kronos,1/6/2014 14:43,Wellhead flow rate data, Kare.Orilla@gastech.com.kronos
Vira.Frente@gastech.com.kronos,1/6/2014 14:43,Wellhead flow rate data, Adra.Nubarron@gastech.com.kronos
Vira.Frente@gastech.com.kronos,1/6/2014 14:43,Wellhead flow rate data, Lars.Azada@gastech.com.kronos
Vira.Frente@gastech.com.kronos,1/6/2014 14:43,Wellhead flow rate data, Marin.Onda@gastech.com.kronos
Vira.Frente@gastech.com.kronos,1/6/2014 14:43,Wellhead flow rate data, Gustav.Cazar@gastech.com.kronos
Ruscella.Mies.Haber@gastech.com.kronos,1/6/2014 14:53,RE: Craft night,Mat.Bramar@gastech.com.kronos
Ruscella.Mies.Haber@gastech.com.kronos,1/6/2014 14:53,RE: Craft night, Anda.Ribera@gastech.com.kronos
Ruscella.Mies.Haber@gastech.com.kronos,1/6/2014 14:53,RE: Craft night, Rachel.Pantanal@gastech.com.kronos
Ruscella.Mies.Haber@gastech.com.kronos,1/6/2014 14:53,RE: Craft night, Linda.Lagos@gastech.com.kronos
Ruscella.Mies.Haber@gastech.com.kronos,1/6/2014 14:53,RE: Craft night, Ruscella.Mies.Haber@gastech.com.kronos
Ruscella.Mies.Haber@gastech.com.kronos,1/6/2014 14:53,RE: Craft night, Carla.Forluniau@gastech.com.kronos
Ruscella.Mies.Haber@gastech.com.kronos,1/6/2014 14:53,RE: Craft night, Cornelia.Lais@gastech.com.kronos
Willem.Vasco-Pais@gastech.com.kronos,1/6/2014 14:57,RE: IPO,Orhan.Strum@gastech.com.kronos
Willem.Vasco-Pais@gastech.com.kronos,1/6/2014 14:57,RE: IPO, Willem.Vasco-Pais@gastech.com.kronos
Kanon.Herrero@gastech.com.kronos,1/6/2014 15:04,RE: Concert tickets,Hennie.Osvaldo@gastech.com.kronos
Kanon.Herrero@gastech.com.kronos,1/6/2014 15:05,Late for meeting,Nils.Calixto@gastech.com.kronos
Sven.Flecha@gastech.com.kronos,1/6/2014 15:11,RE: GT-SeismicProcessorPro Bug Report,Nils.Calixto@gastech.com.kronos
Sven.Flecha@gastech.com.kronos,1/6/2014 15:11,RE: GT-SeismicProcessorPro Bug Report, Sven.Flecha@gastech.com.kronos
Claudio.Hawelon@gastech.com.kronos,1/6/2014 15:14,Are you buying coffee?,Rachel.Pantanal@gastech.com.kronos
Ingrid.Barranco@gastech.com.kronos,1/6/2014 15:17,RE: Supplies,Cecilia.Morluniau@gastech.com.kronos
Cecilia.Morluniau@gastech.com.kronos,1/6/2014 15:27,RE: Supplies,Ingrid.Barranco@gastech.com.kronos
Ruscella.Mies.Haber@gastech.com.kronos,1/6/2014 15:30,RE: Craft night,Mat.Bramar@gastech.com.kronos
Ruscella.Mies.Haber@gastech.com.kronos,1/6/2014 15:30,RE: Craft night, Anda.Ribera@gastech.com.kronos
Ruscella.Mies.Haber@gastech.com.kronos,1/6/2014 15:30,RE: Craft night, Rachel.Pantanal@gastech.com.kronos
Ruscella.Mies.Haber@gastech.com.kronos,1/6/2014 15:30,RE: Craft night, Linda.Lagos@gastech.com.kronos
Ruscella.Mies.Haber@gastech.com.kronos,1/6/2014 15:30,RE: Craft night, Ruscella.Mies.Haber@gastech.com.kronos
Ruscella.Mies.Haber@gastech.com.kronos,1/6/2014 15:30,RE: Craft night, Carla.Forluniau@gastech.com.kronos
Ruscella.Mies.Haber@gastech.com.kronos,1/6/2014 15:30,RE: Craft night, Cornelia.Lais@gastech.com.kronos
Mat.Bramar@gastech.com.kronos,1/6/2014 15:42,All staff announcement,Rachel.Pantanal@gastech.com.kronos
Mat.Bramar@gastech.com.kronos,1/6/2014 15:42,All staff announcement, Lars.Azada@gastech.com.kronos
Mat.Bramar@gastech.com.kronos,1/6/2014 15:42,All staff announcement, Felix.Balas@gastech.com.kronos
Mat.Bramar@gastech.com.kronos,1/6/2014 15:42,All staff announcement, Isande.Borrasca@gastech.com.kronos
Mat.Bramar@gastech.com.kronos,1/6/2014 15:42,All staff announcement, Axel.Calzas@gastech.com.kronos
Mat.Bramar@gastech.com.kronos,1/6/2014 15:42,All staff announcement, Gustav.Cazar@gastech.com.kronos
Mat.Bramar@gastech.com.kronos,1/6/2014 15:42,All staff announcement, Lidelse.Dedos@gastech.com.kronos
Mat.Bramar@gastech.com.kronos,1/6/2014 15:42,All staff announcement, Birgitta.Frente@gastech.com.kronos
Mat.Bramar@gastech.com.kronos,1/6/2014 15:42,All staff announcement, Vira.Frente@gastech.com.kronos
Mat.Bramar@gastech.com.kronos,1/6/2014 15:42,All staff announcement, Adra.Nubarron@gastech.com.kronos
Mat.Bramar@gastech.com.kronos,1/6/2014 15:42,All staff announcement, Marin.Onda@gastech.com.kronos
Mat.Bramar@gastech.com.kronos,1/6/2014 15:42,All staff announcement, Kare.Orilla@gastech.com.kronos
Mat.Bramar@gastech.com.kronos,1/6/2014 15:42,All staff announcement, Elsa.Orilla@gastech.com.kronos
Mat.Bramar@gastech.com.kronos,1/6/2014 15:42,All staff announcement, Brand.Tempestad@gastech.com.kronos
Mat.Bramar@gastech.com.kronos,1/6/2014 15:42,All staff announcement, Ingrid.Barranco@gastech.com.kronos
Mat.Bramar@gastech.com.kronos,1/6/2014 15:42,All staff announcement, Ada.Campo-Corrente@gastech.com.kronos
Mat.Bramar@gastech.com.kronos,1/6/2014 15:42,All staff announcement, Sten.Sanjorge Jr.@gastech.com.kronos
Mat.Bramar@gastech.com.kronos,1/6/2014 15:42,All staff announcement, Orhan.Strum@gastech.com.kronos
Mat.Bramar@gastech.com.kronos,1/6/2014 15:42,All staff announcement, Willem.Vasco-Pais@gastech.com.kronos
Mat.Bramar@gastech.com.kronos,1/6/2014 15:42,All staff announcement, Bertrand.Ovan@gastech.com.kronos
Mat.Bramar@gastech.com.kronos,1/6/2014 15:42,All staff announcement, Albina.Hafon@gastech.com.kronos
Mat.Bramar@gastech.com.kronos,1/6/2014 15:42,All staff announcement, Benito.Hawelon@gastech.com.kronos
Mat.Bramar@gastech.com.kronos,1/6/2014 15:42,All staff announcement, Claudio.Hawelon@gastech.com.kronos
Mat.Bramar@gastech.com.kronos,1/6/2014 15:42,All staff announcement, Henk.Mies@gastech.com.kronos
Mat.Bramar@gastech.com.kronos,1/6/2014 15:42,All staff announcement, Valeria.Morlun@gastech.com.kronos
Mat.Bramar@gastech.com.kronos,1/6/2014 15:42,All staff announcement, Adan.Morlun@gastech.com.kronos
Mat.Bramar@gastech.com.kronos,1/6/2014 15:42,All staff announcement, Cecilia.Morluniau@gastech.com.kronos
Mat.Bramar@gastech.com.kronos,1/6/2014 15:42,All staff announcement, Irene.Nant@gastech.com.kronos
Mat.Bramar@gastech.com.kronos,1/6/2014 15:42,All staff announcement, Dylan.Scozzese@gastech.com.kronos
Mat.Bramar@gastech.com.kronos,1/6/2014 15:42,All staff announcement, Lucas.Alcazar@gastech.com.kronos
Mat.Bramar@gastech.com.kronos,1/6/2014 15:42,All staff announcement, Isak.Baza@gastech.com.kronos
Mat.Bramar@gastech.com.kronos,1/6/2014 15:42,All staff announcement, Linnea.Bergen@gastech.com.kronos
Mat.Bramar@gastech.com.kronos,1/6/2014 15:42,All staff announcement, Nils.Calixto@gastech.com.kronos
Mat.Bramar@gastech.com.kronos,1/6/2014 15:42,All staff announcement, Sven.Flecha@gastech.com.kronos
Mat.Bramar@gastech.com.kronos,1/6/2014 15:42,All staff announcement, Hideki.Cocinaro@gastech.com.kronos
Mat.Bramar@gastech.com.kronos,1/6/2014 15:42,All staff announcement, Inga.Ferro@gastech.com.kronos
Mat.Bramar@gastech.com.kronos,1/6/2014 15:42,All staff announcement, Loreto.Bodrogi@gastech.com.kronos
Mat.Bramar@gastech.com.kronos,1/6/2014 15:42,All staff announcement, Isia.Vann@gastech.com.kronos
Mat.Bramar@gastech.com.kronos,1/6/2014 15:42,All staff announcement, Stenig.Fusil@gastech.com.kronos
Mat.Bramar@gastech.com.kronos,1/6/2014 15:42,All staff announcement, Hennie.Osvaldo@gastech.com.kronos
Mat.Bramar@gastech.com.kronos,1/6/2014 15:42,All staff announcement, Kanon.Herrero@gastech.com.kronos
Mat.Bramar@gastech.com.kronos,1/6/2014 15:42,All staff announcement, Varja.Lagos@gastech.com.kronos
Mat.Bramar@gastech.com.kronos,1/6/2014 15:42,All staff announcement, Minke.Mies@gastech.com.kronos
Mat.Bramar@gastech.com.kronos,1/6/2014 15:42,All staff announcement, Felix.Resumir@gastech.com.kronos
Mat.Bramar@gastech.com.kronos,1/6/2014 15:42,All staff announcement, Edvard.Vann@gastech.com.kronos
Mat.Bramar@gastech.com.kronos,1/6/2014 15:42,All staff announcement, Emile.Arpa@gastech.com.kronos
Mat.Bramar@gastech.com.kronos,1/6/2014 15:42,All staff announcement, Varro.Awelon@gastech.com.kronos
Mat.Bramar@gastech.com.kronos,1/6/2014 15:42,All staff announcement, Mat.Bramar@gastech.com.kronos
Mat.Bramar@gastech.com.kronos,1/6/2014 15:42,All staff announcement, Dante.Coginian@gastech.com.kronos
Mat.Bramar@gastech.com.kronos,1/6/2014 15:42,All staff announcement, Carla.Forluniau@gastech.com.kronos
Mat.Bramar@gastech.com.kronos,1/6/2014 15:42,All staff announcement, Linda.Lagos@gastech.com.kronos
Mat.Bramar@gastech.com.kronos,1/6/2014 15:42,All staff announcement, Cornelia.Lais@gastech.com.kronos
Mat.Bramar@gastech.com.kronos,1/6/2014 15:42,All staff announcement, Ruscella.Mies.Haber@gastech.com.kronos
Mat.Bramar@gastech.com.kronos,1/6/2014 15:42,All staff announcement, Anda.Ribera@gastech.com.kronos
Ruscella.Mies.Haber@gastech.com.kronos,1/6/2014 15:54,"Good morning, GasTech!",Rachel.Pantanal@gastech.com.kronos
Ruscella.Mies.Haber@gastech.com.kronos,1/6/2014 15:54,"Good morning, GasTech!", Lars.Azada@gastech.com.kronos
Ruscella.Mies.Haber@gastech.com.kronos,1/6/2014 15:54,"Good morning, GasTech!", Felix.Balas@gastech.com.kronos
Ruscella.Mies.Haber@gastech.com.kronos,1/6/2014 15:54,"Good morning, GasTech!", Isande.Borrasca@gastech.com.kronos
Ruscella.Mies.Haber@gastech.com.kronos,1/6/2014 15:54,"Good morning, GasTech!", Axel.Calzas@gastech.com.kronos
Ruscella.Mies.Haber@gastech.com.kronos,1/6/2014 15:54,"Good morning, GasTech!", Gustav.Cazar@gastech.com.kronos
Ruscella.Mies.Haber@gastech.com.kronos,1/6/2014 15:54,"Good morning, GasTech!", Lidelse.Dedos@gastech.com.kronos
Ruscella.Mies.Haber@gastech.com.kronos,1/6/2014 15:54,"Good morning, GasTech!", Birgitta.Frente@gastech.com.kronos
Ruscella.Mies.Haber@gastech.com.kronos,1/6/2014 15:54,"Good morning, GasTech!", Vira.Frente@gastech.com.kronos
Ruscella.Mies.Haber@gastech.com.kronos,1/6/2014 15:54,"Good morning, GasTech!", Adra.Nubarron@gastech.com.kronos
Ruscella.Mies.Haber@gastech.com.kronos,1/6/2014 15:54,"Good morning, GasTech!", Marin.Onda@gastech.com.kronos
Ruscella.Mies.Haber@gastech.com.kronos,1/6/2014 15:54,"Good morning, GasTech!", Kare.Orilla@gastech.com.kronos
Ruscella.Mies.Haber@gastech.com.kronos,1/6/2014 15:54,"Good morning, GasTech!", Elsa.Orilla@gastech.com.kronos
Ruscella.Mies.Haber@gastech.com.kronos,1/6/2014 15:54,"Good morning, GasTech!", Brand.Tempestad@gastech.com.kronos
Ruscella.Mies.Haber@gastech.com.kronos,1/6/2014 15:54,"Good morning, GasTech!", Ingrid.Barranco@gastech.com.kronos
Ruscella.Mies.Haber@gastech.com.kronos,1/6/2014 15:54,"Good morning, GasTech!", Ada.Campo-Corrente@gastech.com.kronos
Ruscella.Mies.Haber@gastech.com.kronos,1/6/2014 15:54,"Good morning, GasTech!", Sten.Sanjorge Jr.@gastech.com.kronos
Ruscella.Mies.Haber@gastech.com.kronos,1/6/2014 15:54,"Good morning, GasTech!", Orhan.Strum@gastech.com.kronos
Ruscella.Mies.Haber@gastech.com.kronos,1/6/2014 15:54,"Good morning, GasTech!", Willem.Vasco-Pais@gastech.com.kronos
Ruscella.Mies.Haber@gastech.com.kronos,1/6/2014 15:54,"Good morning, GasTech!", Bertrand.Ovan@gastech.com.kronos
Ruscella.Mies.Haber@gastech.com.kronos,1/6/2014 15:54,"Good morning, GasTech!", Albina.Hafon@gastech.com.kronos
Ruscella.Mies.Haber@gastech.com.kronos,1/6/2014 15:54,"Good morning, GasTech!", Benito.Hawelon@gastech.com.kronos
Ruscella.Mies.Haber@gastech.com.kronos,1/6/2014 15:54,"Good morning, GasTech!", Claudio.Hawelon@gastech.com.kronos
Ruscella.Mies.Haber@gastech.com.kronos,1/6/2014 15:54,"Good morning, GasTech!", Henk.Mies@gastech.com.kronos
Ruscella.Mies.Haber@gastech.com.kronos,1/6/2014 15:54,"Good morning, GasTech!", Valeria.Morlun@gastech.com.kronos
Ruscella.Mies.Haber@gastech.com.kronos,1/6/2014 15:54,"Good morning, GasTech!", Adan.Morlun@gastech.com.kronos
Ruscella.Mies.Haber@gastech.com.kronos,1/6/2014 15:54,"Good morning, GasTech!", Cecilia.Morluniau@gastech.com.kronos
Ruscella.Mies.Haber@gastech.com.kronos,1/6/2014 15:54,"Good morning, GasTech!", Irene.Nant@gastech.com.kronos
Ruscella.Mies.Haber@gastech.com.kronos,1/6/2014 15:54,"Good morning, GasTech!", Dylan.Scozzese@gastech.com.kronos
Ruscella.Mies.Haber@gastech.com.kronos,1/6/2014 15:54,"Good morning, GasTech!", Lucas.Alcazar@gastech.com.kronos
Ruscella.Mies.Haber@gastech.com.kronos,1/6/2014 15:54,"Good morning, GasTech!", Isak.Baza@gastech.com.kronos
Ruscella.Mies.Haber@gastech.com.kronos,1/6/2014 15:54,"Good morning, GasTech!", Linnea.Bergen@gastech.com.kronos
Ruscella.Mies.Haber@gastech.com.kronos,1/6/2014 15:54,"Good morning, GasTech!", Nils.Calixto@gastech.com.kronos
Ruscella.Mies.Haber@gastech.com.kronos,1/6/2014 15:54,"Good morning, GasTech!", Sven.Flecha@gastech.com.kronos
Ruscella.Mies.Haber@gastech.com.kronos,1/6/2014 15:54,"Good morning, GasTech!", Hideki.Cocinaro@gastech.com.kronos
Ruscella.Mies.Haber@gastech.com.kronos,1/6/2014 15:54,"Good morning, GasTech!", Inga.Ferro@gastech.com.kronos
Ruscella.Mies.Haber@gastech.com.kronos,1/6/2014 15:54,"Good morning, GasTech!", Loreto.Bodrogi@gastech.com.kronos
Ruscella.Mies.Haber@gastech.com.kronos,1/6/2014 15:54,"Good morning, GasTech!", Isia.Vann@gastech.com.kronos
Ruscella.Mies.Haber@gastech.com.kronos,1/6/2014 15:54,"Good morning, GasTech!", Stenig.Fusil@gastech.com.kronos
Ruscella.Mies.Haber@gastech.com.kronos,1/6/2014 15:54,"Good morning, GasTech!", Hennie.Osvaldo@gastech.com.kronos
Ruscella.Mies.Haber@gastech.com.kronos,1/6/2014 15:54,"Good morning, GasTech!", Kanon.Herrero@gastech.com.kronos
Ruscella.Mies.Haber@gastech.com.kronos,1/6/2014 15:54,"Good morning, GasTech!", Varja.Lagos@gastech.com.kronos
Ruscella.Mies.Haber@gastech.com.kronos,1/6/2014 15:54,"Good morning, GasTech!", Minke.Mies@gastech.com.kronos
Ruscella.Mies.Haber@gastech.com.kronos,1/6/2014 15:54,"Good morning, GasTech!", Felix.Resumir@gastech.com.kronos
Ruscella.Mies.Haber@gastech.com.kronos,1/6/2014 15:54,"Good morning, GasTech!", Edvard.Vann@gastech.com.kronos
Ruscella.Mies.Haber@gastech.com.kronos,1/6/2014 15:54,"Good morning, GasTech!", Emile.Arpa@gastech.com.kronos
Ruscella.Mies.Haber@gastech.com.kronos,1/6/2014 15:54,"Good morning, GasTech!", Varro.Awelon@gastech.com.kronos
Ruscella.Mies.Haber@gastech.com.kronos,1/6/2014 15:54,"Good morning, GasTech!", Mat.Bramar@gastech.com.kronos
Ruscella.Mies.Haber@gastech.com.kronos,1/6/2014 15:54,"Good morning, GasTech!", Dante.Coginian@gastech.com.kronos
Ruscella.Mies.Haber@gastech.com.kronos,1/6/2014 15:54,"Good morning, GasTech!", Carla.Forluniau@gastech.com.kronos
Ruscella.Mies.Haber@gastech.com.kronos,1/6/2014 15:54,"Good morning, GasTech!", Linda.Lagos@gastech.com.kronos
Ruscella.Mies.Haber@gastech.com.kronos,1/6/2014 15:54,"Good morning, GasTech!", Cornelia.Lais@gastech.com.kronos
Ruscella.Mies.Haber@gastech.com.kronos,1/6/2014 15:54,"Good morning, GasTech!", Ruscella.Mies.Haber@gastech.com.kronos
Ruscella.Mies.Haber@gastech.com.kronos,1/6/2014 15:54,"Good morning, GasTech!", Anda.Ribera@gastech.com.kronos
Lucas.Alcazar@gastech.com.kronos,1/6/2014 15:58,RE: Congratulations on your service anniversary,Dante.Coginian@gastech.com.kronos
Adra.Nubarron@gastech.com.kronos,1/6/2014 16:21,RE: Wellhead flow rate data,Isande.Borrasca@gastech.com.kronos
Adra.Nubarron@gastech.com.kronos,1/6/2014 16:21,RE: Wellhead flow rate data, Elsa.Orilla@gastech.com.kronos
Adra.Nubarron@gastech.com.kronos,1/6/2014 16:21,RE: Wellhead flow rate data, Felix.Balas@gastech.com.kronos
Adra.Nubarron@gastech.com.kronos,1/6/2014 16:21,RE: Wellhead flow rate data, Brand.Tempestad@gastech.com.kronos
Adra.Nubarron@gastech.com.kronos,1/6/2014 16:21,RE: Wellhead flow rate data, Kare.Orilla@gastech.com.kronos
Adra.Nubarron@gastech.com.kronos,1/6/2014 16:21,RE: Wellhead flow rate data, Adra.Nubarron@gastech.com.kronos
Adra.Nubarron@gastech.com.kronos,1/6/2014 16:21,RE: Wellhead flow rate data, Lars.Azada@gastech.com.kronos
Adra.Nubarron@gastech.com.kronos,1/6/2014 16:21,RE: Wellhead flow rate data, Marin.Onda@gastech.com.kronos
Adra.Nubarron@gastech.com.kronos,1/6/2014 16:21,RE: Wellhead flow rate data, Gustav.Cazar@gastech.com.kronos
Lars.Azada@gastech.com.kronos,1/6/2014 16:31,RE: Meeting,Axel.Calzas@gastech.com.kronos
Axel.Calzas@gastech.com.kronos,1/6/2014 16:37,RE: Meeting,Lars.Azada@gastech.com.kronos
Adan.Morlun@gastech.com.kronos,1/6/2014 16:38,RE: Facilities preparations for VIP visit,Irene.Nant@gastech.com.kronos
Adan.Morlun@gastech.com.kronos,1/6/2014 16:38,RE: Facilities preparations for VIP visit, Dante.Coginian@gastech.com.kronos
Adan.Morlun@gastech.com.kronos,1/6/2014 16:38,RE: Facilities preparations for VIP visit, Emile.Arpa@gastech.com.kronos
Adan.Morlun@gastech.com.kronos,1/6/2014 16:38,RE: Facilities preparations for VIP visit, Varro.Awelon@gastech.com.kronos
Adan.Morlun@gastech.com.kronos,1/6/2014 16:38,RE: Facilities preparations for VIP visit, Cecilia.Morluniau@gastech.com.kronos
Adan.Morlun@gastech.com.kronos,1/6/2014 16:38,RE: Facilities preparations for VIP visit, Claudio.Hawelon@gastech.com.kronos
Adan.Morlun@gastech.com.kronos,1/6/2014 16:38,RE: Facilities preparations for VIP visit, Henk.Mies@gastech.com.kronos
Adan.Morlun@gastech.com.kronos,1/6/2014 16:38,RE: Facilities preparations for VIP visit, Dylan.Scozzese@gastech.com.kronos
Adan.Morlun@gastech.com.kronos,1/6/2014 16:38,RE: Facilities preparations for VIP visit, Benito.Hawelon@gastech.com.kronos
Nils.Calixto@gastech.com.kronos,1/6/2014 16:39,RE: Late for meeting,Kanon.Herrero@gastech.com.kronos
Dylan.Scozzese@gastech.com.kronos,1/6/2014 16:39,RE: Route suggestion for next shift,Irene.Nant@gastech.com.kronos
Dylan.Scozzese@gastech.com.kronos,1/6/2014 16:39,RE: Route suggestion for next shift, Cecilia.Morluniau@gastech.com.kronos
Dylan.Scozzese@gastech.com.kronos,1/6/2014 16:39,RE: Route suggestion for next shift, Dylan.Scozzese@gastech.com.kronos
Ruscella.Mies.Haber@gastech.com.kronos,1/6/2014 16:44,RE: Question - Protocol for VIP visit,Mat.Bramar@gastech.com.kronos
Ruscella.Mies.Haber@gastech.com.kronos,1/6/2014 16:44,RE: Question - Protocol for VIP visit, Anda.Ribera@gastech.com.kronos
Ruscella.Mies.Haber@gastech.com.kronos,1/6/2014 16:44,RE: Question - Protocol for VIP visit, Rachel.Pantanal@gastech.com.kronos
Ruscella.Mies.Haber@gastech.com.kronos,1/6/2014 16:44,RE: Question - Protocol for VIP visit, Linda.Lagos@gastech.com.kronos
Ruscella.Mies.Haber@gastech.com.kronos,1/6/2014 16:44,RE: Question - Protocol for VIP visit, Ruscella.Mies.Haber@gastech.com.kronos
Ruscella.Mies.Haber@gastech.com.kronos,1/6/2014 16:44,RE: Question - Protocol for VIP visit, Carla.Forluniau@gastech.com.kronos
Ruscella.Mies.Haber@gastech.com.kronos,1/6/2014 16:44,RE: Question - Protocol for VIP visit, Cornelia.Lais@gastech.com.kronos
Kanon.Herrero@gastech.com.kronos,1/6/2014 16:53,RE: Late for meeting,Nils.Calixto@gastech.com.kronos
Dante.Coginian@gastech.com.kronos,1/6/2014 16:55,RE: Congratulations on your service anniversary,Lucas.Alcazar@gastech.com.kronos
Dylan.Scozzese@gastech.com.kronos,1/6/2014 16:55,RE: Route suggestion for next shift,Irene.Nant@gastech.com.kronos
Dylan.Scozzese@gastech.com.kronos,1/6/2014 16:55,RE: Route suggestion for next shift, Cecilia.Morluniau@gastech.com.kronos
Dylan.Scozzese@gastech.com.kronos,1/6/2014 16:55,RE: Route suggestion for next shift, Dylan.Scozzese@gastech.com.kronos
Nils.Calixto@gastech.com.kronos,1/6/2014 17:07,RE: Late for meeting,Kanon.Herrero@gastech.com.kronos
Kanon.Herrero@gastech.com.kronos,1/6/2014 17:10,RE: Late for meeting,Nils.Calixto@gastech.com.kronos
Rachel.Pantanal@gastech.com.kronos,1/6/2014 17:34,RE: Are you buying coffee?,Claudio.Hawelon@gastech.com.kronos
Irene.Nant@gastech.com.kronos,1/6/2014 17:52,RE: Route suggestion for next shift,Irene.Nant@gastech.com.kronos
Irene.Nant@gastech.com.kronos,1/6/2014 17:52,RE: Route suggestion for next shift, Cecilia.Morluniau@gastech.com.kronos
Irene.Nant@gastech.com.kronos,1/6/2014 17:52,RE: Route suggestion for next shift, Dylan.Scozzese@gastech.com.kronos
Marin.Onda@gastech.com.kronos,1/6/2014 17:56,RE: Wellhead flow rate data,Isande.Borrasca@gastech.com.kronos
Marin.Onda@gastech.com.kronos,1/6/2014 17:56,RE: Wellhead flow rate data, Elsa.Orilla@gastech.com.kronos
Marin.Onda@gastech.com.kronos,1/6/2014 17:56,RE: Wellhead flow rate data, Felix.Balas@gastech.com.kronos
Marin.Onda@gastech.com.kronos,1/6/2014 17:56,RE: Wellhead flow rate data, Brand.Tempestad@gastech.com.kronos
Marin.Onda@gastech.com.kronos,1/6/2014 17:56,RE: Wellhead flow rate data, Kare.Orilla@gastech.com.kronos
Marin.Onda@gastech.com.kronos,1/6/2014 17:56,RE: Wellhead flow rate data, Adra.Nubarron@gastech.com.kronos
Marin.Onda@gastech.com.kronos,1/6/2014 17:56,RE: Wellhead flow rate data, Lars.Azada@gastech.com.kronos
Marin.Onda@gastech.com.kronos,1/6/2014 17:56,RE: Wellhead flow rate data, Marin.Onda@gastech.com.kronos
Marin.Onda@gastech.com.kronos,1/6/2014 17:56,RE: Wellhead flow rate data, Gustav.Cazar@gastech.com.kronos
Dylan.Scozzese@gastech.com.kronos,1/6/2014 17:57,RE: Route suggestion for next shift,Irene.Nant@gastech.com.kronos
Dylan.Scozzese@gastech.com.kronos,1/6/2014 17:57,RE: Route suggestion for next shift, Cecilia.Morluniau@gastech.com.kronos
Dylan.Scozzese@gastech.com.kronos,1/6/2014 17:57,RE: Route suggestion for next shift, Dylan.Scozzese@gastech.com.kronos
Irene.Nant@gastech.com.kronos,1/6/2014 18:01,RE: Route suggestion for next shift,Irene.Nant@gastech.com.kronos
Irene.Nant@gastech.com.kronos,1/6/2014 18:01,RE: Route suggestion for next shift, Cecilia.Morluniau@gastech.com.kronos
Irene.Nant@gastech.com.kronos,1/6/2014 18:01,RE: Route suggestion for next shift, Dylan.Scozzese@gastech.com.kronos
Cecilia.Morluniau@gastech.com.kronos,1/6/2014 18:08,RE: Facilities preparations for VIP visit,Dylan.Scozzese@gastech.com.kronos
Cecilia.Morluniau@gastech.com.kronos,1/6/2014 18:08,RE: Facilities preparations for VIP visit, Emile.Arpa@gastech.com.kronos
Cecilia.Morluniau@gastech.com.kronos,1/6/2014 18:08,RE: Facilities preparations for VIP visit, Henk.Mies@gastech.com.kronos
Cecilia.Morluniau@gastech.com.kronos,1/6/2014 18:08,RE: Facilities preparations for VIP visit, Adan.Morlun@gastech.com.kronos
Cecilia.Morluniau@gastech.com.kronos,1/6/2014 18:08,RE: Facilities preparations for VIP visit, Valeria.Morlun@gastech.com.kronos
Cecilia.Morluniau@gastech.com.kronos,1/6/2014 18:08,RE: Facilities preparations for VIP visit, Benito.Hawelon@gastech.com.kronos
Cecilia.Morluniau@gastech.com.kronos,1/6/2014 18:08,RE: Facilities preparations for VIP visit, Albina.Hafon@gastech.com.kronos
Cecilia.Morluniau@gastech.com.kronos,1/6/2014 18:08,RE: Facilities preparations for VIP visit, Claudio.Hawelon@gastech.com.kronos
Mat.Bramar@gastech.com.kronos,1/7/2014 8:27,Service anniversaries!,Rachel.Pantanal@gastech.com.kronos
Mat.Bramar@gastech.com.kronos,1/7/2014 8:27,Service anniversaries!, Lars.Azada@gastech.com.kronos
Mat.Bramar@gastech.com.kronos,1/7/2014 8:27,Service anniversaries!, Felix.Balas@gastech.com.kronos
Mat.Bramar@gastech.com.kronos,1/7/2014 8:27,Service anniversaries!, Isande.Borrasca@gastech.com.kronos
Mat.Bramar@gastech.com.kronos,1/7/2014 8:27,Service anniversaries!, Axel.Calzas@gastech.com.kronos
Mat.Bramar@gastech.com.kronos,1/7/2014 8:27,Service anniversaries!, Gustav.Cazar@gastech.com.kronos
Mat.Bramar@gastech.com.kronos,1/7/2014 8:27,Service anniversaries!, Lidelse.Dedos@gastech.com.kronos
Mat.Bramar@gastech.com.kronos,1/7/2014 8:27,Service anniversaries!, Birgitta.Frente@gastech.com.kronos
Mat.Bramar@gastech.com.kronos,1/7/2014 8:27,Service anniversaries!, Vira.Frente@gastech.com.kronos
Mat.Bramar@gastech.com.kronos,1/7/2014 8:27,Service anniversaries!, Adra.Nubarron@gastech.com.kronos
Mat.Bramar@gastech.com.kronos,1/7/2014 8:27,Service anniversaries!, Marin.Onda@gastech.com.kronos
Mat.Bramar@gastech.com.kronos,1/7/2014 8:27,Service anniversaries!, Kare.Orilla@gastech.com.kronos
Mat.Bramar@gastech.com.kronos,1/7/2014 8:27,Service anniversaries!, Elsa.Orilla@gastech.com.kronos
Mat.Bramar@gastech.com.kronos,1/7/2014 8:27,Service anniversaries!, Brand.Tempestad@gastech.com.kronos
Mat.Bramar@gastech.com.kronos,1/7/2014 8:27,Service anniversaries!, Ingrid.Barranco@gastech.com.kronos
Mat.Bramar@gastech.com.kronos,1/7/2014 8:27,Service anniversaries!, Ada.Campo-Corrente@gastech.com.kronos
Mat.Bramar@gastech.com.kronos,1/7/2014 8:27,Service anniversaries!, Sten.Sanjorge Jr.@gastech.com.kronos
Mat.Bramar@gastech.com.kronos,1/7/2014 8:27,Service anniversaries!, Orhan.Strum@gastech.com.kronos
Mat.Bramar@gastech.com.kronos,1/7/2014 8:27,Service anniversaries!, Willem.Vasco-Pais@gastech.com.kronos
Mat.Bramar@gastech.com.kronos,1/7/2014 8:27,Service anniversaries!, Bertrand.Ovan@gastech.com.kronos
Mat.Bramar@gastech.com.kronos,1/7/2014 8:27,Service anniversaries!, Albina.Hafon@gastech.com.kronos
Mat.Bramar@gastech.com.kronos,1/7/2014 8:27,Service anniversaries!, Benito.Hawelon@gastech.com.kronos
Mat.Bramar@gastech.com.kronos,1/7/2014 8:27,Service anniversaries!, Claudio.Hawelon@gastech.com.kronos
Mat.Bramar@gastech.com.kronos,1/7/2014 8:27,Service anniversaries!, Henk.Mies@gastech.com.kronos
Mat.Bramar@gastech.com.kronos,1/7/2014 8:27,Service anniversaries!, Valeria.Morlun@gastech.com.kronos
Mat.Bramar@gastech.com.kronos,1/7/2014 8:27,Service anniversaries!, Adan.Morlun@gastech.com.kronos
Mat.Bramar@gastech.com.kronos,1/7/2014 8:27,Service anniversaries!, Cecilia.Morluniau@gastech.com.kronos
Mat.Bramar@gastech.com.kronos,1/7/2014 8:27,Service anniversaries!, Irene.Nant@gastech.com.kronos
Mat.Bramar@gastech.com.kronos,1/7/2014 8:27,Service anniversaries!, Dylan.Scozzese@gastech.com.kronos
Mat.Bramar@gastech.com.kronos,1/7/2014 8:27,Service anniversaries!, Lucas.Alcazar@gastech.com.kronos
Mat.Bramar@gastech.com.kronos,1/7/2014 8:27,Service anniversaries!, Isak.Baza@gastech.com.kronos
Mat.Bramar@gastech.com.kronos,1/7/2014 8:27,Service anniversaries!, Linnea.Bergen@gastech.com.kronos
Mat.Bramar@gastech.com.kronos,1/7/2014 8:27,Service anniversaries!, Nils.Calixto@gastech.com.kronos
Mat.Bramar@gastech.com.kronos,1/7/2014 8:27,Service anniversaries!, Sven.Flecha@gastech.com.kronos
Mat.Bramar@gastech.com.kronos,1/7/2014 8:27,Service anniversaries!, Hideki.Cocinaro@gastech.com.kronos
Mat.Bramar@gastech.com.kronos,1/7/2014 8:27,Service anniversaries!, Inga.Ferro@gastech.com.kronos
Mat.Bramar@gastech.com.kronos,1/7/2014 8:27,Service anniversaries!, Loreto.Bodrogi@gastech.com.kronos
Mat.Bramar@gastech.com.kronos,1/7/2014 8:27,Service anniversaries!, Isia.Vann@gastech.com.kronos
Mat.Bramar@gastech.com.kronos,1/7/2014 8:27,Service anniversaries!, Stenig.Fusil@gastech.com.kronos
Mat.Bramar@gastech.com.kronos,1/7/2014 8:27,Service anniversaries!, Hennie.Osvaldo@gastech.com.kronos
Mat.Bramar@gastech.com.kronos,1/7/2014 8:27,Service anniversaries!, Kanon.Herrero@gastech.com.kronos
Mat.Bramar@gastech.com.kronos,1/7/2014 8:27,Service anniversaries!, Varja.Lagos@gastech.com.kronos
Mat.Bramar@gastech.com.kronos,1/7/2014 8:27,Service anniversaries!, Minke.Mies@gastech.com.kronos
Mat.Bramar@gastech.com.kronos,1/7/2014 8:27,Service anniversaries!, Felix.Resumir@gastech.com.kronos
Mat.Bramar@gastech.com.kronos,1/7/2014 8:27,Service anniversaries!, Edvard.Vann@gastech.com.kronos
Mat.Bramar@gastech.com.kronos,1/7/2014 8:27,Service anniversaries!, Emile.Arpa@gastech.com.kronos
Mat.Bramar@gastech.com.kronos,1/7/2014 8:27,Service anniversaries!, Varro.Awelon@gastech.com.kronos
Mat.Bramar@gastech.com.kronos,1/7/2014 8:27,Service anniversaries!, Mat.Bramar@gastech.com.kronos
Mat.Bramar@gastech.com.kronos,1/7/2014 8:27,Service anniversaries!, Dante.Coginian@gastech.com.kronos
Mat.Bramar@gastech.com.kronos,1/7/2014 8:27,Service anniversaries!, Carla.Forluniau@gastech.com.kronos
Mat.Bramar@gastech.com.kronos,1/7/2014 8:27,Service anniversaries!, Linda.Lagos@gastech.com.kronos
Mat.Bramar@gastech.com.kronos,1/7/2014 8:27,Service anniversaries!, Cornelia.Lais@gastech.com.kronos
Mat.Bramar@gastech.com.kronos,1/7/2014 8:27,Service anniversaries!, Ruscella.Mies.Haber@gastech.com.kronos
Mat.Bramar@gastech.com.kronos,1/7/2014 8:27,Service anniversaries!, Anda.Ribera@gastech.com.kronos
Irene.Nant@gastech.com.kronos,1/7/2014 8:46,Traffic advisory for today,Bertrand.Ovan@gastech.com.kronos
Irene.Nant@gastech.com.kronos,1/7/2014 8:46,Traffic advisory for today, Varro.Awelon@gastech.com.kronos
Irene.Nant@gastech.com.kronos,1/7/2014 8:46,Traffic advisory for today, Dante.Coginian@gastech.com.kronos
Irene.Nant@gastech.com.kronos,1/7/2014 8:46,Traffic advisory for today, Adan.Morlun@gastech.com.kronos
Irene.Nant@gastech.com.kronos,1/7/2014 8:46,Traffic advisory for today, Albina.Hafon@gastech.com.kronos
Irene.Nant@gastech.com.kronos,1/7/2014 8:46,Traffic advisory for today, Claudio.Hawelon@gastech.com.kronos
Irene.Nant@gastech.com.kronos,1/7/2014 8:46,Traffic advisory for today, Cecilia.Morluniau@gastech.com.kronos
Irene.Nant@gastech.com.kronos,1/7/2014 8:46,Traffic advisory for today, Irene.Nant@gastech.com.kronos
Irene.Nant@gastech.com.kronos,1/7/2014 8:46,Traffic advisory for today, Henk.Mies@gastech.com.kronos
Dylan.Scozzese@gastech.com.kronos,1/7/2014 8:53,List of repairs needed,Irene.Nant@gastech.com.kronos
Dylan.Scozzese@gastech.com.kronos,1/7/2014 8:53,List of repairs needed, Adan.Morlun@gastech.com.kronos
Dylan.Scozzese@gastech.com.kronos,1/7/2014 8:53,List of repairs needed, Valeria.Morlun@gastech.com.kronos
Dylan.Scozzese@gastech.com.kronos,1/7/2014 8:53,List of repairs needed, Emile.Arpa@gastech.com.kronos
Dylan.Scozzese@gastech.com.kronos,1/7/2014 8:53,List of repairs needed, Varro.Awelon@gastech.com.kronos
Dylan.Scozzese@gastech.com.kronos,1/7/2014 8:53,List of repairs needed, Benito.Hawelon@gastech.com.kronos
Dylan.Scozzese@gastech.com.kronos,1/7/2014 8:53,List of repairs needed, Henk.Mies@gastech.com.kronos
Dylan.Scozzese@gastech.com.kronos,1/7/2014 8:53,List of repairs needed, Bertrand.Ovan@gastech.com.kronos
Dylan.Scozzese@gastech.com.kronos,1/7/2014 8:53,List of repairs needed, Claudio.Hawelon@gastech.com.kronos
Nils.Calixto@gastech.com.kronos,1/7/2014 8:59,GT-SeismicProcessorPro Bug Report,Sven.Flecha@gastech.com.kronos
Nils.Calixto@gastech.com.kronos,1/7/2014 8:59,GT-SeismicProcessorPro Bug Report, Lucas.Alcazar@gastech.com.kronos
Nils.Calixto@gastech.com.kronos,1/7/2014 8:59,GT-SeismicProcessorPro Bug Report, Isak.Baza@gastech.com.kronos
Ada.Campo-Corrente@gastech.com.kronos,1/7/2014 9:34,"Hey, Im going home sick.",Felix.Resumir@gastech.com.kronos
Lucas.Alcazar@gastech.com.kronos,1/7/2014 9:35,RE: GT-SeismicProcessorPro Bug Report,Sven.Flecha@gastech.com.kronos
Lucas.Alcazar@gastech.com.kronos,1/7/2014 9:35,RE: GT-SeismicProcessorPro Bug Report, Lucas.Alcazar@gastech.com.kronos
Lucas.Alcazar@gastech.com.kronos,1/7/2014 9:35,RE: GT-SeismicProcessorPro Bug Report, Isak.Baza@gastech.com.kronos
